name,code,city,地区,省份,纬度,经度
三亚,SEQ,三亚,三亚,海南省,18.296346,109.492845
亚龙湾,TWQ,三亚,三亚,海南省,18.302125,109.602503
天涯海角,THA,三亚,三亚,海南省,18.306189,109.339063
凤凰机场,FJQ,三亚,三亚,海南省,18.308999,109.408878
南山北,NEQ,三亚,三亚,海南省,18.31835,109.196732
崖州湾,YWA,三亚,三亚,海南省,18.35331,109.1849
崖州,YUQ,三亚,三亚,海南省,18.376103,109.157599
乐东,UQQ,乐东,乐东,海南省,18.445813,108.939147
黄流,KLQ,乐东,乐东,海南省,18.528414,108.831268
陵水,LIQ,陵水,陵水,海南省,18.535868,110.033396
尖峰,PFQ,乐东,乐东,海南省,18.620836,108.752599
神州,SRQ,万宁,万宁,海南省,18.724717,110.30777
金月湾,PYQ,东方,东方,海南省,18.778563,108.715065
万宁,WNQ,万宁,万宁,海南省,18.807688,110.381194
和乐,HLA,万宁,万宁,海南省,18.923261,110.458421
东方,UFQ,东方,东方,海南省,19.088709,108.691224
博鳌,BWQ,琼海,琼海,海南省,19.136195,110.486734
琼海,QYQ,琼海,琼海,海南省,19.240309,110.491326
棋子湾,QZQ,昌江,昌江,海南省,19.337663,108.807249
海头,FTQ,儋州,儋州,海南省,19.494028,108.993651
文昌,WEQ,文昌,文昌,海南省,19.606384,110.737432
白马井,BFQ,儋州,儋州,海南省,19.658956,109.253828
银滩,CTQ,儋州,儋州,海南省,19.790278,109.489131
临高南,KGQ,临高,临高,海南省,19.867726,109.759402
福山镇,FZQ,澄迈,澄迈,海南省,19.876529,109.918454
老城镇,ACQ,澄迈,澄迈,海南省,19.932714,110.117662
美兰,MHQ,海口,海口,海南省,19.942473,110.461765
海口东,HMQ,海口,海口,海南省,19.983424,110.342861
长流,CLA,海口,海口,海南省,19.991829,110.206434
城西,CIA,海口,海口,海南省,19.996117,110.332042
秀英,XYA,海口,海口,海南省,19.996217,110.27585
海口,VUQ,海口,海口,海南省,20.02734,110.16169
徐闻,XJQ,湛江,湛江,广东省,20.345991,110.145491
雷州,UAQ,湛江,湛江,广东省,20.918981,110.045849
湛江,ZJZ,湛江,湛江,广东省,21.186581,110.387483
湛江西,ZWQ,湛江,湛江,广东省,21.242499,110.288889
磨憨,MHM,勐腊,勐腊,云南省,21.250986,101.718848
遂溪,SXZ,湛江,湛江,广东省,21.398478,110.267038
勐腊,MWM,勐腊,勐腊,云南省,21.424862,101.588652
北海,BHZ,北海,北海,广西壮族自治区,21.453089,109.128388
吴川,WAQ,湛江,湛江,广东省,21.509002,110.768901
东兴市,RIZ,防城港,防城港,广西壮族自治区,21.575695,108.016911
廉江,LJZ,湛江,湛江,广东省,21.615146,110.297044
合浦,HVZ,北海,北海,广西壮族自治区,21.622479,109.187918
茂名,MDQ,茂名,茂名,广东省,21.642081,110.929136
化州,HZZ,茂名,茂名,广东省,21.653031,110.652094
茂名西,MMZ,茂名,茂名,广东省,21.680891,110.847697
马踏,PWQ,茂名,茂名,广东省,21.681436,111.366088
河唇,HCZ,湛江,湛江,广东省,21.695745,110.301457
电白,NWQ,茂名,茂名,广东省,21.70408,111.144275
防城港北,FBZ,防城港,防城港,广西壮族自治区,21.715356,108.375419
阳西,WMQ,阳江,阳江,广东省,21.795775,111.644008
阳江,WRQ,阳江,阳江,广东省,21.810431,111.990486
茅岭,MLZ,防城港,防城港,广西壮族自治区,21.847488,108.451658
橄榄坝,GVM,景洪,景洪,云南省,21.869512,100.946437
高州,GSQ,茂名,茂名,广东省,21.895837,110.888553
康熙岭,KXZ,钦州,钦州,广西壮族自治区,21.927169,108.526295
文地,WNZ,玉林,玉林,广西壮族自治区,21.951741,110.197983
阳东,WLQ,阳江,阳江,广东省,21.954649,112.154775
钦州东,QDZ,钦州,钦州,广西壮族自治区,21.979004,108.668138
西双版纳,ENM,景洪,景洪,云南省,21.983691,100.773372
钦州,QRZ,钦州,钦州,广西壮族自治区,21.983762,108.618996
珠海机场,ZJA,珠海,珠海,广东省,22.012656,113.379648
三灶东,SAA,珠海,珠海,广东省,22.039961,113.403664
马皇,MHZ,钦州,钦州,广西壮族自治区,22.048723,108.652031
凭祥,PXZ,崇左,崇左,广西壮族自治区,22.079819,106.742539
珠海长隆,ZLA,珠海,珠海,广东省,22.104812,113.541291
井湾,JWA,珠海,珠海,广东省,22.109627,113.485869
野象谷,AGM,景洪,景洪,云南省,22.111034,100.854389
夏石,XIZ,崇左,崇左,广西壮族自治区,22.118557,106.90365
横琴,HQA,珠海,珠海,广东省,22.136724,113.54508
宁明,NMZ,崇左,崇左,广西壮族自治区,22.158657,107.063693
横琴北,HOA,珠海,珠海,广东省,22.161883,113.534068
十字门,SIA,珠海,珠海,广东省,22.172102,113.520455
湾仔,WZA,珠海,珠海,广东省,22.181545,113.527682
恩平,PXQ,江门,江门,广东省,22.185187,112.396023
阳春,YQQ,阳江,阳江,广东省,22.189375,111.761471
湾仔北,WBA,珠海,珠海,广东省,22.1949,113.534334
珠海,ZHQ,珠海,珠海,广东省,22.215372,113.549574
亭亮,TIZ,崇左,崇左,广西壮族自治区,22.21664,107.188441
小董,XEZ,钦州,钦州,广西壮族自治区,22.221931,108.60575
博白,BBZ,玉林,玉林,广西壮族自治区,22.231317,109.993994
前山,QXQ,珠海,珠海,广东省,22.234255,113.52586
枋山,,屏东县,屏东县,台湾省,22.264317,120.663163
明珠,MFQ,珠海,珠海,广东省,22.268455,113.515546
枋野,,屏东县,屏东县,台湾省,22.278058,120.720695
大拟,DNZ,南宁,南宁,广西壮族自治区,22.296753,108.519508
台山,PUQ,江门,江门,广东省,22.298796,112.815524
香港西九龙,XJA,香港,香港,香港特别行政区,22.301063,114.170353
内狮,,屏东县,屏东县,台湾省,22.303297,120.647191
陆川,LKZ,玉林,玉林,广西壮族自治区,22.310739,110.257648
米兰,MIR,库尔勒,库尔勒,香港特别行政区,22.3163365,114.1705264
开平南,PVQ,江门,江门,广东省,22.320082,112.675461
加禄,,屏东县,屏东县,台湾省,22.32796,120.628533
信宜,EEQ,茂名,茂名,广东省,22.329324,110.965455
崇左南,COZ,崇左,崇左,广西壮族自治区,22.357667,107.395024
大武,,台东县,台东县,台湾省,22.362489,120.904182
唐家湾,PDQ,珠海,珠海,广东省,22.363054,113.551842
百浪,BRZ,南宁,南宁,广西壮族自治区,22.3652,108.456567
枋寮,,屏东县,屏东县,台湾省,22.36525,120.598836
东海,DHB,鸡西,屏东县,台湾省,22.395954,120.575886
珠海北,ZIQ,珠海,珠海,广东省,22.400534,113.551892
崇左,CZZ,崇左,崇左,广西壮族自治区,22.40365,107.358602
佳冬,,屏东县,屏东县,台湾省,22.410877,120.551201
那铺,NPZ,南宁,南宁,广西壮族自治区,22.415229,108.380679
双水镇,PQQ,江门,江门,广东省,22.424894,112.956049
林边,,屏东县,屏东县,台湾省,22.428627,120.518753
翠亨,IHQ,中山,中山,广东省,22.438661,113.546104
濑湍,LVZ,崇左,崇左,广西壮族自治区,22.445318,107.501612
镇安,ZEY,商洛,屏东县,台湾省,22.455135,120.514892
春湾,CQQ,阳江,阳江,广东省,22.457188,111.949097
泷溪,,台东县,台东县,台湾省,22.457918,120.945659
大元,DYZ,南宁,南宁,广西壮族自治区,22.482771,108.353349
南朗,NNQ,中山,中山,广东省,22.486149,113.533307
江门,JOQ,江门,江门,广东省,22.488446,113.070247
南州,,屏东县,屏东县,台湾省,22.488961,120.51578
崁顶,,屏东县,屏东县,台湾省,22.510291,120.518575
渠旧,QJZ,崇左,崇左,广西壮族自治区,22.514681,107.582352
新会,EFQ,江门,江门,广东省,22.517656,113.070947
深圳西,OSQ,深圳,深圳,广东省,22.527787,113.908116
金仑,,台东县,台东县,台湾省,22.528417,120.971146
河口北,HBM,蒙自,蒙自,云南省,22.529438,103.939265
深圳,SZQ,深圳,深圳,广东省,22.531948,114.117751
福田,NZQ,深圳,深圳,广东省,22.538136,114.057201
中山,ZSQ,中山,中山,广东省,22.544233,113.432799
礼乐,UEQ,江门,江门,广东省,22.545444,113.077685
潮州,CKQ,潮州,屏东县,台湾省,22.547056,120.539725
渠黎,QLZ,崇左,崇左,广西壮族自治区,22.554256,107.792971
宁村,NCZ,南宁,南宁,广西壮族自治区,22.55673,108.337079
中山北,ZGQ,中山,中山,广东省,22.557046,113.382735
江门东,JWQ,江门,江门,广东省,22.560652,113.103434
扶绥南,FNZ,崇左,崇左,广西壮族自治区,22.57695,107.908333
江海,JNQ,江门,江门,广东省,22.583139,113.163731
竹田,,屏东县,屏东县,台湾省,22.583649,120.543405
前镇,,高雄市,高雄市,台湾省,22.586502,120.311723
玉林,YLZ,玉林,玉林,广西壮族自治区,22.597427,110.156562
古镇,GNQ,中山,中山,广东省,22.597777,113.206831
吴圩机场,WJZ,南宁,南宁,广西壮族自治区,22.599855,108.186947
深圳东,BJQ,深圳,深圳,广东省,22.601897,114.11986
东升,DRQ,中山,中山,广东省,22.604376,113.284547
深圳北,IOQ,深圳,深圳,广东省,22.610815,114.030865
大王滩,DZZ,南宁,南宁,广西壮族自治区,22.611273,108.28385
西势,,屏东县,屏东县,台湾省,22.613354,120.530208
太麻里,,台东县,台东县,台湾省,22.616169,121.008469
深圳机场,SCA,深圳,深圳,广东省,22.624026,113.813803
坂田,BTQ,深圳,深圳,广东省,22.624691,114.053187
扶绥,FSZ,崇左,崇左,广西壮族自治区,22.628332,107.920056
凤山,,高雄市,高雄市,台湾省,22.62886,120.360677
正义,,高雄市,高雄市,台湾省,22.631427,120.346737
麟洛,,屏东县,屏东县,台湾省,22.631836,120.518037
科工馆,,高雄市,高雄市,台湾省,22.634308,120.330326
民族,,高雄市,高雄市,台湾省,22.63596,120.319056
三块厝,,高雄市,高雄市,台湾省,22.636456,120.297856
高雄,,高雄市,高雄市,台湾省,22.63677,120.306503
后庄,,高雄市,高雄市,台湾省,22.637838,120.395085
鼓山,,高雄市,高雄市,台湾省,22.639257,120.285013
吴圩,WYZ,南宁,南宁,广西壮族自治区,22.643335,108.247034
小榄,EAQ,中山,中山,广东省,22.64791,113.270316
美术馆,,高雄市,高雄市,台湾省,22.649151,120.285385
归来,,屏东县,屏东县,台湾省,22.649461,120.506576
深圳机场北,SBA,深圳,深圳,广东省,22.651215,113.798345
九曲堂,,高雄市,高雄市,台湾省,22.65334,120.425123
六块厝,,屏东县,屏东县,台湾省,22.662973,120.46877
内惟,,高雄市,高雄市,台湾省,22.6631,120.29091
屏东,,屏东县,屏东县,台湾省,22.66613,120.489923
左营（旧城）,,高雄市,高雄市,台湾省,22.671222,120.297691
新左营,,高雄市,高雄市,台湾省,22.684825,120.311305
福海西,FHA,深圳,深圳,广东省,22.689897,113.789677
平湖,PHQ,深圳,深圳,广东省,22.692304,114.124636
知本,,台东县,台东县,台湾省,22.707537,121.064599
深圳坪山,IFQ,深圳,深圳,广东省,22.707648,114.326539
南头,NOQ,中山,中山,广东省,22.712982,113.308645
兴业南,XKZ,玉林,玉林,广西壮族自治区,22.713338,109.881432
玉林北,ABZ,玉林,玉林,广西壮族自治区,22.721413,110.249623
楠梓,,高雄市,高雄市,台湾省,22.72444,120.328105
北流,BOZ,玉林,玉林,广西壮族自治区,22.730046,110.321533
那罗,ULZ,南宁,南宁,广西壮族自治区,22.730769,108.277318
光明城,IMQ,深圳,深圳,广东省,22.732455,113.954287
沙井西,SJA,深圳,深圳,广东省,22.733483,113.793346
兴业,SNZ,玉林,玉林,广西壮族自治区,22.737626,109.907731
新兴县,XGQ,云浮,云浮,广东省,22.738054,112.229686
容桂,RUQ,佛山,佛山,广东省,22.75113,113.312368
桥头,,高雄市,高雄市,台湾省,22.758371,120.314175
康乐,,台东县,台东县,台湾省,22.761887,121.097295
普洱,PEM,普洱,普洱,云南省,22.775211,100.941871
长安,CAA,东莞,东莞,广东省,22.779026,113.764125
惠阳,KNQ,惠州,惠州,广东省,22.784928,114.491635
长安西,CXA,东莞,东莞,广东省,22.785494,113.729332
冈山,,高雄市,高雄市,台湾省,22.788985,120.304539
台东,,台东县,台东县,台湾省,22.790872,121.12641
横州,HGZ,南宁,南宁,广西壮族自治区,22.801749,108.980519
汕尾,OGQ,汕尾,汕尾,广东省,22.809599,115.428313
鲘门,KMQ,汕尾,汕尾,广东省,22.812758,115.12505
顺德学院,OJQ,佛山,佛山,广东省,22.822561,113.319952
南宁,NNZ,南宁,南宁,广西壮族自治区,22.826972,108.314849
虎门东,HDA,东莞,东莞,广东省,22.828962,113.692924
南宁东,NFZ,南宁,南宁,广西壮族自治区,22.841886,108.413817
东莞南,DNA,东莞,东莞,广东省,22.843807,114.070237
惠东南,KDQ,惠州,惠州,广东省,22.844348,114.794685
路竹,,高雄市,高雄市,台湾省,22.851121,120.270569
容县,RXZ,玉林,玉林,广西壮族自治区,22.859132,110.532068
山里,,台东县,台东县,台湾省,22.859234,121.141955
虎门北,HBA,东莞,东莞,广东省,22.861184,113.673529
虎门,IUQ,东莞,东莞,广东省,22.86122,113.673297
庆盛,,广州,广州,广东省,22.866987,113.491531
顺德,ORQ,佛山,佛山,广东省,22.874813,113.27673
大湖,,高雄市,高雄市,台湾省,22.875607,120.258052
南宁西,NXZ,南宁,南宁,广西壮族自治区,22.88818,107.97484
陆丰南,LAA,汕尾,汕尾,广东省,22.892641,115.661099
厚街,HJA,东莞,东莞,广东省,22.897199,113.651652
长荣大学,,台南市,台南市,台湾省,22.900989,120.277258
中洲,,台南市,台南市,台湾省,22.901218,120.256579
樟木头,ZOQ,东莞,东莞,广东省,22.901317,114.068225
岑溪,CNZ,梧州,梧州,广西壮族自治区,22.903145,110.948197
陆丰东,LDA,汕尾,汕尾,广东省,22.905913,115.889308
东莞港,DGA,东莞,东莞,广东省,22.907596,113.611405
鹿野,,台东县,台东县,台湾省,22.909834,121.141109
北滘,IBQ,佛山,佛山,广东省,22.915506,113.264297
仁德,,台南市,台南市,台湾省,22.920671,120.244459
沙仑,,台南市,台南市,台湾省,22.921204,120.290258
台南,,台南市,台南市,台湾省,22.921982,120.290362
保安,,台南市,台南市,台湾省,22.93032,120.235598
惠东,KDA,惠州,惠州,广东省,22.933326,114.741379
广州莲花,,广州,广州,广东省,22.942906,113.393996
陆丰,LLQ,汕尾,汕尾,广东省,22.947809,115.733297
碧江,BLQ,佛山,佛山,广东省,22.949856,113.262544
北滘西,BJA,佛山,佛山,广东省,22.952323,113.178205
瑞源,,台东县,台东县,台湾省,22.953451,121.163147
大朗镇,KOQ,东莞,东莞,广东省,22.954605,113.949248
樟木头东,ZRQ,东莞,东莞,广东省,22.958254,114.105545
松山湖北,KUQ,东莞,东莞,广东省,22.958621,113.895834
顺德北,SVA,佛山,佛山,广东省,22.961859,113.129664
常平东,FQQ,东莞,东莞,广东省,22.962651,114.040636
银瓶,KPQ,东莞,东莞,广东省,22.966388,114.156544
东莞东,DMQ,东莞,东莞,广东省,22.967302,114.039175
陈村,CVA,佛山,佛山,广东省,22.968795,113.237294
常平南,FPQ,东莞,东莞,广东省,22.972485,114.00471
东环,DHA,广州,广州,广东省,22.973854,113.366651
瑞和,,台东县,台东县,台湾省,22.977413,121.160034
沥林北,KBQ,惠州,惠州,广东省,22.978964,114.229754
洪梅,HMA,东莞,东莞,广东省,22.980224,113.617764
官桥北,GQA,广州,广州,广东省,22.982172,113.444872
常平,DAQ,东莞,东莞,广东省,22.983808,114.005863
番禺,PYA,广州,广州,广东省,22.987108,113.27297
东城南,IYQ,东莞,东莞,广东省,22.988683,113.77501
寮步,LTQ,东莞,东莞,广东省,22.988737,113.851973
广州南,IZQ,广州,广州,广东省,22.989125,113.277732
道滘,RRQ,东莞,东莞,广东省,22.990804,113.658974
广州长隆,GCA,广州,广州,广东省,22.991867,113.327368
西平西,EGQ,东莞,东莞,广东省,22.993627,113.745764
南台南,,台南市,台南市,台湾省,22.994575,120.216996
惠来,HGA,揭阳,揭阳,广东省,22.995111,116.286702
惠州南,KNA,惠州,惠州,广东省,22.998504,114.458176
泰安旧,,台南市,台南市,台湾省,22.999044,120.16471
广州莲花山,GLA,广州,广州,广东省,23.002104,113.492261
陈江南,KKQ,惠州,惠州,广东省,23.006142,114.326832
东莞西,WGQ,东莞,东莞,广东省,23.008017,113.625987
张槎,ZAA,佛山,佛山,广东省,23.009127,113.067659
云浮东,IXQ,云浮,云浮,广东省,23.011524,112.138628
屏边,PBM,蒙自,蒙自,云南省,23.013774,103.637086
大桥,,台南市,台南市,台湾省,23.016757,120.228284
麻涌,MIA,东莞,东莞,广东省,23.020161,113.573748
仲恺,ZKA,惠州,惠州,广东省,23.026299,114.267338
惠环,KHQ,惠州,惠州,广东省,23.03011,114.365963
永康,RFH,金华,台南市,台湾省,23.036237,120.257836
望牛墩,WNA,东莞,东莞,广东省,23.036557,113.627955
关山,,台东县,台东县,台湾省,23.043056,121.16843
永康工业区,,台南市,台南市,台湾省,23.044464,120.274381
佛山,FSQ,佛山,佛山,广东省,23.047436,113.104573
宁洱,NEM,宁洱,宁洱,云南省,23.04864,101.064139
龙丰,KFQ,惠州,惠州,广东省,23.062881,114.394953
葵潭,KTQ,揭阳,揭阳,广东省,23.064351,115.996639
新市,,台南市,台南市,台湾省,23.065582,120.293689
中堂,ZTA,东莞,东莞,广东省,23.076337,113.621204
佛山西,FOQ,佛山,佛山,广东省,23.078556,113.03397
肇庆,ZVQ,肇庆,肇庆,广东省,23.081746,112.451073
西湖东,WDQ,惠州,惠州,广东省,23.08793,114.400907
东莞,RTQ,东莞,东莞,广东省,23.088811,113.858991
惠州西,VXQ,惠州,惠州,广东省,23.091767,114.362685
海端,,台东县,台东县,台湾省,23.099573,121.181211
贵港,GGZ,贵港,贵港,广西壮族自治区,23.10084,109.612976
南科,,台南市,台南市,台湾省,23.104656,120.305941
石龙,SLQ,东莞,东莞,广东省,23.107532,113.844331
端州,WZQ,肇庆,肇庆,广东省,23.110688,112.513612
云山,KZQ,惠州,惠州,广东省,23.111249,114.418704
三水南,RNQ,佛山,佛山,广东省,23.113359,112.871117
南江口,NDQ,云浮,云浮,广东省,23.119279,111.788187
狮山,KSQ,佛山,佛山,广东省,23.122431,112.983781
池上,,台东县,台东县,台湾省,23.123787,121.223373
广州西,GXQ,广州,广州,广东省,23.130061,113.264499
善化,,台南市,台南市,台湾省,23.130466,120.310602
新塘南,NUQ,广州,广州,广东省,23.132182,113.603425
潮南,CHA,汕头,汕头,广东省,23.132347,116.531791
新塘,,广州,广州,广东省,23.133747,113.605428
隆安东,IDZ,南宁,南宁,广西壮族自治区,23.135238,107.705818
石牌,SPQ,广州,广州,广东省,23.140859,113.370544
博罗,BOA,惠州,惠州,广东省,23.141574,114.208808
靖西,JMZ,百色,百色,广西壮族自治区,23.147525,106.39115
广州,GZQ,广州,广州,广东省,23.149243,113.257331
广州东,GGQ,广州,广州,广东省,23.150597,113.324981
惠州,HCQ,惠州,惠州,广东省,23.151421,114.416342
小金口,NKQ,惠州,惠州,广东省,23.152203,114.417271
狮山北,NSQ,佛山,佛山,广东省,23.153711,112.97134
南宁北,NRZ,南宁,南宁,广西壮族自治区,23.156387,108.236839
三水,SJQ,佛山,佛山,广东省,23.159615,112.887575
拔林,,台南市,台南市,台湾省,23.170261,120.325324
鼎湖山,NVQ,肇庆,肇庆,广东省,23.174336,112.586945
富里,,花莲县,花莲县,台湾省,23.176547,121.252292
惠州北,HUA,惠州,惠州,广东省,23.180065,114.38044
三水北,ARQ,佛山,佛山,广东省,23.184627,112.918522
隆田,,台南市,台南市,台湾省,23.190223,120.323491
广州白云,GBA,广州,广州,广东省,23.191281,113.246364
黎塘,LTZ,南宁,南宁,广西壮族自治区,23.194389,109.133131
罗浮山,LVA,惠州,惠州,广东省,23.195441,114.06989
增城,ZCA,广州,广州,广东省,23.203885,113.799503
鼎湖东,UWQ,肇庆,肇庆,广东省,23.213429,112.660814
肇庆东,FCQ,肇庆,肇庆,广东省,23.21424,112.663095
宾阳,UKZ,南宁,南宁,广西壮族自治区,23.216227,109.093133
云东海,NAQ,佛山,佛山,广东省,23.21804,112.845327
东竹,,花莲县,花莲县,台湾省,23.223416,121.282113
汕头南,SNA,汕头,汕头,广东省,23.229731,116.677315
林凤营,,台南市,台南市,台湾省,23.240084,120.325177
郁南,YKQ,云浮,云浮,广东省,23.245392,111.46971
大旺,WWQ,肇庆,肇庆,广东省,23.253903,112.81206
普宁,PEQ,揭阳,揭阳,广东省,23.266745,116.199421
东里,,花莲县,花莲县,台湾省,23.269911,121.307895
四会,AHQ,肇庆,肇庆,广东省,23.27037,112.754697
长良,,花莲县,花莲县,台湾省,23.273184,121.292085
柳营,,台南市,台南市,台湾省,23.274805,120.326669
新营,,台南市,台南市,台湾省,23.303841,120.327405
平果,PGZ,百色,百色,广西壮族自治区,23.315867,107.565161
桂平,GAZ,贵港,贵港,广西壮族自治区,23.317204,110.116973
玉里,,花莲县,花莲县,台湾省,23.32907,121.315473
藤县,TAZ,梧州,梧州,广西壮族自治区,23.334441,110.987172
德保,RBZ,百色,百色,广西壮族自治区,23.345279,106.627863
后壁,,台南市,台南市,台湾省,23.363729,120.364467
汕头,OTQ,汕头,汕头,广东省,23.372023,116.757
蒙自,MZM,蒙自,蒙自,云南省,23.374213,103.430901
花都,HAA,广州,广州,广东省,23.377115,113.201384
广州北,GBQ,广州,广州,广东省,23.377273,113.203846
潮阳,CNQ,汕头,汕头,广东省,23.379944,116.422659
梧州南,WBZ,梧州,梧州,广西壮族自治区,23.393646,111.222496
白云机场北,BBA,广州,广州,广东省,23.396928,113.305964
南靖,NJS,漳州,嘉义县,台湾省,23.410824,120.390934
平南南,PAZ,贵港,贵港,广西壮族自治区,23.41844,110.431932
三民,,花莲县,花莲县,台湾省,23.422257,121.349234
乐同,LEA,广州,广州,广东省,23.42359,113.174892
花山镇,HZA,广州,广州,广东省,23.425439,113.268729
花城街,HCA,广州,广州,广东省,23.425676,113.23654
水上,,嘉义县,嘉义县,台湾省,23.431351,120.403719
墨江,MJM,墨江,墨江,云南省,23.434209,101.741083
红河,HHM,蒙自,蒙自,云南省,23.451044,103.353093
狮岭,SLA,广州,广州,广东省,23.454131,113.148318
嘉义,,嘉义市,嘉义市,台湾省,23.47752,120.445616
博罗北,BLA,惠州,惠州,广东省,23.478233,114.561085
梧州,WZZ,梧州,梧州,广西壮族自治区,23.486899,111.24076
瑞穗,,花莲县,花莲县,台湾省,23.495388,121.380615
嘉北,,嘉义市,嘉义市,台湾省,23.497447,120.452439
个旧,JJM,个旧,个旧,云南省,23.51542,103.2135
沙鹿,,台中市,台中市,台湾省,23.525783,120.490406
潮汕,CBQ,潮州,潮州,广东省,23.539591,116.588171
揭阳机场,JUA,揭阳,揭阳,广东省,23.544919,116.516991
银盏,YZA,清远,清远,广东省,23.549596,113.130148
民雄,,嘉义县,嘉义县,台湾省,23.552861,120.43574
揭阳南,JRQ,揭阳,揭阳,广东省,23.570798,116.369937
富源,FYM,曲靖,花莲县,台湾省,23.577979,121.384275
广宁,FBQ,肇庆,肇庆,广东省,23.585204,112.425866
大林,DLD,通辽,嘉义县,台湾省,23.5984,120.459981
大富,,花莲县,花莲县,台湾省,23.603687,121.393483
龙塘镇,LVB,清远,清远,广东省,23.606158,113.084098
揭阳,JYA,揭阳,揭阳,广东省,23.60957,116.334442
大禾塘,SOQ,邵东,邵东,广西壮族自治区,23.614625,110.389647
田东,TDZ,百色,百色,广西壮族自治区,23.627471,107.129527
石龟,,云林县,云林县,台湾省,23.637107,120.474916
清城,QCA,清远,清远,广东省,23.653565,113.066524
建水,JSM,蒙自,蒙自,云南省,23.657885,102.872028
源潭,YTQ,清远,清远,广东省,23.662601,113.202038
光复,,花莲县,花莲县,台湾省,23.664016,121.425037
燕湖,YHA,清远,清远,广东省,23.66461,113.077378
斗南,,云林县,云林县,台湾省,23.670209,120.485027
富宁,FNM,文山,文山,云南省,23.674399,105.584347
开远南,KUM,蒙自,蒙自,云南省,23.680439,103.284413
河源东,HEA,河源,河源,广东省,23.682348,114.737141
田东北,TBZ,百色,百色,广西壮族自治区,23.683217,107.14165
清远,QBQ,清远,清远,广东省,23.694175,113.133644
元江,AJM,元江,元江,云南省,23.698499,102.006897
斗六,,云林县,云林县,台湾省,23.709141,120.544875
饶平,RVQ,潮州,潮州,广东省,23.711877,116.932394
石榴,,云林县,云林县,台湾省,23.729004,120.583438
来宾,UBZ,来宾,来宾,广西壮族自治区,23.730264,109.241324
马山县,MAZ,南宁,南宁,广西壮族自治区,23.743551,108.171086
凤林,,花莲县,花莲县,台湾省,23.743883,121.450743
飞霞,FEA,清远,清远,广东省,23.7440269,113.0794117
丰顺,FUQ,梅州,梅州,广东省,23.751125,116.190474
来宾北,UCZ,来宾,来宾,广西壮族自治区,23.751492,109.243981
林内,,云林县,云林县,台湾省,23.757032,120.618197
河源,VIQ,河源,河源,广东省,23.759231,114.683646
田阳,TRZ,百色,百色,广西壮族自治区,23.766428,106.936118
诏安,ZDS,漳州,漳州,福建省,23.771247,117.098154
南平,,花莲县,花莲县,台湾省,23.779982,121.462099
源泉,,彰化县,彰化县,台湾省,23.795761,120.645799
林荣新光,,花莲县,花莲县,台湾省,23.800128,121.466019
丰顺东,FDA,梅州,梅州,广东省,23.80228,116.190317
二水,,彰化县,彰化县,台湾省,23.810536,120.62204
水里,,南投县,南投县,台湾省,23.815785,120.856944
集集,,南投县,南投县,台湾省,23.823664,120.788751
车埕,,南投县,南投县,台湾省,23.829736,120.86957
浊水,,南投县,南投县,台湾省,23.831914,120.708573
龙泉,,南投县,南投县,台湾省,23.832691,120.75386
丰田,,花莲县,花莲县,台湾省,23.845916,121.499961
田中,,彰化县,彰化县,台湾省,23.855591,120.595209
寿丰,,花莲县,花莲县,台湾省,23.866296,121.514658
平和,,花莲县,花莲县,台湾省,23.880016,121.524542
河源北,HYA,河源,河源,广东省,23.884319,115.006967
百色,BIZ,百色,百色,广西壮族自治区,23.885687,106.664281
云霄,YBS,漳州,漳州,福建省,23.891582,117.361188
怀集,FAQ,肇庆,肇庆,广东省,23.892622,112.159899
社头,,彰化县,彰化县,台湾省,23.892966,120.584381
志学,,花莲县,花莲县,台湾省,23.905128,121.533069
永靖,,彰化县,彰化县,台湾省,23.925402,120.575306
建桥,JQA,梅州,梅州,广东省,23.929461,116.112998
临沧,LXM,临沧,临沧,云南省,23.930778,100.112694
员林,,彰化县,彰化县,台湾省,23.956549,120.573303
曲江,QIM,蒙自,蒙自,云南省,23.960241,102.845475
吉安,VAG,吉安,花莲县,台湾省,23.965017,121.586474
珠琳,ZOM,文山,文山,云南省,23.965773,104.627607
都安,RUZ,河池,河池,广西壮族自治区,23.967223,108.113602
普者黑,PZM,文山,文山,云南省,23.969805,104.179841
朋普,PRM,蒙自,蒙自,云南省,23.975261,103.343561
花莲港,,花莲县,花莲县,台湾省,23.984992,121.638022
大村,,彰化县,彰化县,台湾省,23.987253,120.564261
花莲,,花莲县,花莲县,台湾省,23.989818,121.604625
花坛,,彰化县,彰化县,台湾省,24.022227,120.54098
北埔,,花莲县,花莲县,台湾省,24.029776,121.604992
广南县,GXM,文山,文山,云南省,24.034901,105.052694
化念,HDM,峨山,峨山,云南省,24.043015,102.233076
五华,WHA,梅州,梅州,广东省,24.056425,115.631449
畲江北,SOA,梅州,梅州,广东省,24.059798,116.021535
华城,VCQ,梅州,梅州,广东省,24.070661,115.625247
龙川西,LCA,河源,河源,广东省,24.07768,115.180813
彰化,,彰化县,彰化县,台湾省,24.078882,120.541957
大肚溪南,,南投县,南投县,台湾省,24.092703,120.569241
漳浦,ZCS,漳州,漳州,福建省,24.095852,117.563403
兴宁,ENQ,梅州,梅州,广东省,24.101765,115.728405
兴宁南,XNA,梅州,梅州,广东省,24.103656,115.793898
乌日,,台中市,台中市,台湾省,24.106097,120.626102
新乌日,,台中市,台中市,台湾省,24.106983,120.617757
台中,,台中市,台中市,台湾省,24.109231,120.619554
成功,,台中市,台中市,台湾省,24.111456,120.594217
龙川,LUQ,河源,河源,广东省,24.112064,115.237137
通海,TAM,玉溪,玉溪,云南省,24.116377,102.668564
大庆,DZX,大庆,台中市,台湾省,24.116591,120.652471
追分,,台中市,台中市,台湾省,24.11736,120.573804
新城（太鲁阁）,,花莲县,花莲县,台湾省,24.125206,121.644414
五权,,台中市,台中市,台湾省,24.126003,120.670416
精武,,台中市,台中市,台湾省,24.146569,120.701591
大肚,,台中市,台中市,台湾省,24.151502,120.545926
洲心,ZIA,清远,清远,广东省,24.157401,112.77682
英德,YDQ,清远,清远,广东省,24.159231,113.438973
英德西,IIQ,清远,清远,广东省,24.159442,113.35234
太原,TYV,太原,台中市,台湾省,24.161431,120.703747
崇德,,花莲县,花莲县,台湾省,24.168899,121.659427
松竹,,台中市,台中市,台湾省,24.17711,120.705754
峨山,EVM,峨山,峨山,云南省,24.187956,102.389552
头家厝,,台中市,台中市,台湾省,24.192496,120.707745
龙井,LJL,延边,台中市,台湾省,24.194683,120.546884
潭子,,台中市,台中市,台湾省,24.209733,120.709672
栗林,,台中市,台中市,台湾省,24.23183,120.714444
梅州西,MXA,梅州,梅州,广东省,24.250044,116.047069
丰原,,台中市,台中市,台湾省,24.25178,120.727516
梅州,MOQ,梅州,梅州,广东省,24.259131,116.131079
清水,QUJ,酒泉,台中市,台湾省,24.260606,120.572531
柳江,UQZ,柳州,柳州,广西壮族自治区,24.262153,109.316053
田林,TFZ,百色,百色,广西壮族自治区,24.285193,106.234226
永安镇,YQZ,河池,河池,广西壮族自治区,24.286315,108.052591
和平,VAQ,河源,花莲县,台湾省,24.29509,121.758557
台中港,,台中市,台中市,台湾省,24.30139,120.606346
后里,,台中市,台中市,台湾省,24.306434,120.736951
柳州,LZZ,柳州,柳州,广西壮族自治区,24.307605,109.388456
泰安,TMK,泰安,台中市,台湾省,24.319801,120.75306
汉本,,宜兰县,宜兰县,台湾省,24.331032,121.771973
弥勒,MLM,蒙自,蒙自,云南省,24.337175,103.410222
玉溪,AXM,玉溪,玉溪,云南省,24.33922,102.512214
大甲,,台中市,台中市,台湾省,24.341308,120.630971
日南,,台中市,台中市,台湾省,24.374916,120.658144
云县,AIM,临沧,临沧,云南省,24.398731,100.126877
大埔,DPI,梅州,梅州,广东省,24.409485,116.577199
三义,,苗栗县,苗栗县,台湾省,24.41776,120.778082
苑里,,苗栗县,苗栗县,台湾省,24.44056,120.65493
武塔,,宜兰县,宜兰县,台湾省,24.445927,121.779739
贺州,HXZ,贺州,贺州,广西壮族自治区,24.45488,111.539531
漳州,ZUS,漳州,漳州,福建省,24.457661,117.71604
南澳,,宜兰县,宜兰县,台湾省,24.460238,121.805143
厦门,XMS,厦门,厦门,福建省,24.467489,118.116
和平北,HPA,河源,河源,广东省,24.472553,114.959947
宜州,YSZ,河池,河池,广西壮族自治区,24.478601,108.627234
鹿寨,LIZ,柳州,柳州,广西壮族自治区,24.479728,109.745889
铜锣,,苗栗县,苗栗县,台湾省,24.483518,120.789897
通霄,,苗栗县,苗栗县,台湾省,24.488858,120.682163
东澳,,宜兰县,宜兰县,台湾省,24.514877,121.834448
角美,JES,漳州,漳州,福建省,24.525784,117.880223
新埔,,苗栗县,苗栗县,台湾省,24.537402,120.699315
厦门高崎,XBS,厦门,厦门,福建省,24.53779,118.114374
钟山西,ZAZ,贺州,贺州,广西壮族自治区,24.552167,111.331952
白沙屯,,苗栗县,苗栗县,台湾省,24.562082,120.711778
漳州东,GOS,漳州,漳州,福建省,24.564423,117.744661
永乐,,宜兰县,宜兰县,台湾省,24.565251,121.848162
苗栗,,苗栗县,苗栗县,台湾省,24.566332,120.82604
钟山,ZSZ,贺州,贺州,广西壮族自治区,24.572997,111.435207
苏澳,,宜兰县,宜兰县,台湾省,24.592231,121.855147
林森,,宜兰县,宜兰县,台湾省,24.597614,121.516297
丰富,,苗栗县,苗栗县,台湾省,24.60136,120.82995
苏澳新,,宜兰县,宜兰县,台湾省,24.605345,121.831897
龙港,,苗栗县,苗栗县,台湾省,24.609445,120.762602
后龙,,苗栗县,苗栗县,台湾省,24.613388,120.791081
新马,,宜兰县,宜兰县,台湾省,24.614147,121.837496
冬山,,宜兰县,宜兰县,台湾省,24.633954,121.795891
厦门北,XKS,厦门,厦门,福建省,24.637112,118.073539
造桥,,苗栗县,苗栗县,台湾省,24.638756,120.871133
鹿寨北,LSZ,柳州,柳州,广西壮族自治区,24.64032,109.65426
大山,,苗栗县,苗栗县,台湾省,24.642943,120.807302
谈文,,苗栗县,苗栗县,台湾省,24.653588,120.861937
石林西,SYM,昆明,昆明,云南省,24.656903,103.242688
昆阳,KAM,昆明,昆明,云南省,24.662859,102.609061
罗东,,宜兰县,宜兰县,台湾省,24.675164,121.778404
竹南,,苗栗县,苗栗县,台湾省,24.683566,120.884435
龙山镇,LAS,漳州,漳州,福建省,24.691885,117.362764
中里,,宜兰县,宜兰县,台湾省,24.692256,121.779064
金城江,JJZ,河池,河池,广西壮族自治区,24.699658,108.065092
内湾,,新竹县,新竹县,台湾省,24.702525,121.186756
二结,,宜兰县,宜兰县,台湾省,24.70318,121.778074
河池西,HIZ,河池,河池,广西壮族自治区,24.711605,108.175308
富贵,,新竹县,新竹县,台湾省,24.712522,121.171709
合兴,,新竹县,新竹县,台湾省,24.714529,121.159819
九赞头,,新竹县,新竹县,台湾省,24.717796,121.139977
崎顶,,苗栗县,苗栗县,台湾省,24.720092,120.875438
永定,YGS,龙岩,龙岩,福建省,24.734582,116.744039
竹东,,新竹县,新竹县,台湾省,24.735718,121.099034
泉州南,QNS,泉州,泉州,福建省,24.737783,118.584161
定南南,DIG,赣州,赣州,江西省,24.744019,115.030885
荣华,,新竹县,新竹县,台湾省,24.745759,121.087442
韶关,SNQ,韶关,韶关,广东省,24.750159,113.515283
宜兰,,宜兰县,宜兰县,台湾省,24.751752,121.762194
香山,,新竹市,新竹市,台湾省,24.759924,120.917758
新安,EAM,曲靖,曲靖,云南省,24.760284,104.109293
中寨,ZZM,曲靖,曲靖,云南省,24.768982,104.196472
定南,DNG,赣州,赣州,江西省,24.774837,115.005155
上员,,新竹县,新竹县,台湾省,24.775,121.060132
竹中,,新竹县,新竹县,台湾省,24.778993,121.035204
四城,,宜兰县,宜兰县,台湾省,24.784038,121.766819
三姓桥,,新竹市,新竹市,台湾省,24.784251,120.931924
富川,FDZ,贺州,贺州,广西壮族自治区,24.79214,111.362334
韶关东,SGQ,韶关,韶关,广东省,24.792252,113.604199
晋江,JJS,泉州,泉州,福建省,24.794305,118.459252
新竹,,新竹市,新竹市,台湾省,24.798511,120.975485
千甲,,新竹市,新竹市,台湾省,24.803794,121.007363
六家,,新竹县,新竹县,台湾省,24.804852,121.043455
北新竹,,新竹市,新竹市,台湾省,24.805773,120.987636
秧草地,YKM,曲靖,曲靖,云南省,24.819855,103.837
西街口,EKM,昆明,昆明,云南省,24.821587,103.515803
礁溪,,宜兰县,宜兰县,台湾省,24.823992,121.779356
师宗,SEM,曲靖,曲靖,云南省,24.825556,104.01947
恭城,GCZ,桂林,桂林,广西壮族自治区,24.830122,110.870292
羊者窝,AEM,曲靖,曲靖,云南省,24.831532,104.276437
竹北,,新竹县,新竹县,台湾省,24.836396,121.013171
长坡岭,CPM,曲靖,曲靖,云南省,24.838125,103.918048
宜耐,YVM,昆明,昆明,云南省,24.840275,103.599012
罗城,VCZ,河池,河池,广西壮族自治区,24.841931,109.125753
陆良,LRM,曲靖,曲靖,云南省,24.846654,103.697892
环江,HFZ,河池,河池,广西壮族自治区,24.852797,108.172871
头城,,宜兰县,宜兰县,台湾省,24.856168,121.826073
茂舍祖,MOM,昆明,昆明,云南省,24.857198,103.417434
石林,SLM,昆明,昆明,云南省,24.863126,103.329058
新丰,,新竹县,新竹县,台湾省,24.866466,121.000428
昆明南,KOM,昆明,昆明,云南省,24.869976,102.86087
外澳,,宜兰县,宜兰县,台湾省,24.880717,121.849265
湖口,HKG,九江,新竹县,台湾省,24.900127,121.047796
龟山,,宜兰县,宜兰县,台湾省,24.902115,121.872425
龙南东,LBG,赣州,赣州,江西省,24.904819,114.868914
罗平,LPM,曲靖,曲靖,云南省,24.907558,104.315502
南势,,桃园市,桃园市,台湾省,24.911508,121.213066
杨梅,,桃园市,桃园市,台湾省,24.911699,121.150594
册亨,CHZ,兴义,兴义,贵州省,24.914227,105.573807
埔心,,桃园市,桃园市,台湾省,24.916927,121.187637
龙南,UNG,赣州,赣州,江西省,24.919664,114.877904
广南卫,GNM,昆明,昆明,云南省,24.919757,102.895419
北湖,,新竹县,新竹县,台湾省,24.919843,121.060023
泉州东,QRS,泉州,泉州,福建省,24.921998,118.769523
新富,,桃园市,桃园市,台湾省,24.928468,121.071659
班猫箐,BNM,昆明,昆明,云南省,24.930277,103.201717
七甸,QDM,昆明,昆明,云南省,24.931029,102.980326
富冈,,桃园市,桃园市,台湾省,24.931479,121.086944
大溪,,宜兰县,宜兰县,台湾省,24.935398,121.893458
芦沟,LOM,曲靖,曲靖,云南省,24.948394,104.383116
读书铺,,昆明,昆明,云南省,24.948733,102.556669
施家嘴,SHM,昆明,昆明,云南省,24.95011,102.99077
中坜,,桃园市,桃园市,台湾省,24.950541,121.230119
莺歌,,新北市,新北市,台湾省,24.95189,121.359289
丹霞山,IRQ,韶关,韶关,广东省,24.954291,113.806035
顶埔,,新北市,新北市,台湾省,24.957128,121.423632
阳朔,YCZ,桂林,桂林,广西壮族自治区,24.960139,110.568081
大里,,宜兰县,宜兰县,台湾省,24.963669,121.926245
始兴,IPQ,韶关,韶关,广东省,24.965963,114.076252
羊堡,,昆明,昆明,云南省,24.96765,102.806725
内坜,,桃园市,桃园市,台湾省,24.969778,121.262307
山佳,,新北市,新北市,台湾省,24.970093,121.396731
江所田,JOM,曲靖,曲靖,云南省,24.970665,104.479366
泉州,QYS,泉州,泉州,福建省,24.972508,118.568677
永丰营,YYM,昆明,昆明,云南省,24.972637,103.064729
石城,,宜兰县,宜兰县,台湾省,24.975398,121.949099
南丹,NDZ,河池,河池,广西壮族自治区,24.975717,107.558758
南树林,,新北市,新北市,台湾省,24.977771,121.41255
宜良北,YSM,昆明,昆明,云南省,24.982835,103.190688
桃园,,桃园市,桃园市,台湾省,24.986013,121.317809
树林,,新北市,新北市,台湾省,24.988783,121.42857
景美,,台北市,台北市,台湾省,24.990105,121.544558
武平,WPS,龙岩,龙岩,福建省,24.992491,116.218879
永福南,YBZ,桂林,桂林,广西壮族自治区,24.998128,109.998546
浮洲,,新北市,新北市,台湾省,25.001532,121.44888
板桥,,新北市,新北市,台湾省,25.011031,121.468334
福隆,,新北市,新北市,台湾省,25.012776,121.948254
昆明,KMM,昆明,昆明,云南省,25.015286,102.722254
贡寮,,新北市,新北市,台湾省,25.018857,121.912474
金马村,,昆明,昆明,云南省,25.020107,102.841343
菁桐,,新北市,新北市,台湾省,25.021193,121.727768
平溪,,新北市,新北市,台湾省,25.022791,121.743938
乐善村,LUM,昆明,昆明,云南省,25.023546,103.151531
岭脚,,新北市,新北市,台湾省,25.026819,121.752391
双溪,,新北市,新北市,台湾省,25.030272,121.858025
万华,,台北市,台北市,台湾省,25.030667,121.503886
南安北,NUS,泉州,泉州,福建省,25.031378,118.361802
望古,,新北市,新北市,台湾省,25.031732,121.767496
小得江,EJM,曲靖,曲靖,云南省,25.03292,104.562086
新庄,,新北市,新北市,台湾省,25.033457,121.456065
横山,,桃园市,桃园市,台湾省,25.033738,121.219771
台北,,台北市,台北市,台湾省,25.034589,121.567457
十分,,新北市,新北市,台湾省,25.038309,121.779133
中央,,台北市,台北市,台湾省,25.039123,121.617791
松山,,台北市,台北市,台湾省,25.046207,121.58192
云南驿,ANM,大理,大理,云南省,25.046432,102.709372
大华,,新北市,新北市,台湾省,25.047049,121.801326
南港,,台北市,台北市,台湾省,25.050324,121.611049
谈文南,,新北市,新北市,台湾省,25.053454,121.447364
牡丹,,新北市,新北市,台湾省,25.055625,121.855725
惠安,HNS,泉州,泉州,福建省,25.057314,118.714884
安溪,AXS,安溪,安溪,福建省,25.057682,118.201206
汐科,,新北市,新北市,台湾省,25.059924,121.65241
岔江,CAM,兴义,兴义,贵州省,25.0606,104.652528
安溪东,ANS,泉州,泉州,福建省,25.060852,118.254419
三貂岭,,新北市,新北市,台湾省,25.063252,121.826169
安龙,AUZ,兴义,兴义,贵州省,25.063386,105.243465
汐止,,新北市,新北市,台湾省,25.064538,121.664492
融水,RSZ,柳州,柳州,广西壮族自治区,25.071473,109.241138
上杭,SNS,龙岩,龙岩,福建省,25.07193,116.396466
五堵,,新北市,新北市,台湾省,25.075037,121.671451
百福,,基隆市,基隆市,台湾省,25.075353,121.698636
北回,,台北市,台北市,台湾省,25.077153,121.603424
楚雄,CUM,楚雄,楚雄,云南省,25.082103,101.544387
猴硐,,新北市,新北市,台湾省,25.084163,121.830997
七堵,,基隆市,基隆市,台湾省,25.090188,121.717752
龙岩,LYS,龙岩,龙岩,福建省,25.09626,117.00719
暖暖,,基隆市,基隆市,台湾省,25.099453,121.744638
四脚亭,,新北市,新北市,台湾省,25.099914,121.765721
八堵,,基隆市,基隆市,台湾省,25.105725,121.732915
瑞芳,,新北市,新北市,台湾省,25.106195,121.810391
革居,GEM,兴义,兴义,贵州省,25.112408,104.695557
乐昌东,ILQ,韶关,韶关,广东省,25.113465,113.396273
三坑,,基隆市,基隆市,台湾省,25.119455,121.746011
禄丰南,LQM,楚雄,楚雄,云南省,25.120056,102.063658
乐昌,LCQ,韶关,韶关,广东省,25.129125,113.357941
基隆,,基隆市,基隆市,台湾省,25.13027,121.743144
八斗子,,基隆市,基隆市,台湾省,25.13248,121.8068
海科馆,,基隆市,基隆市,台湾省,25.134663,121.803961
南雄,NCQ,韶关,韶关,广东省,25.145297,114.310952
保山,BAM,保山,保山,云南省,25.153669,99.178135
广通北,GPM,楚雄,楚雄,云南省,25.164184,101.765307
兴义,XRZ,兴义,兴义,贵州省,25.165843,104.986746
小哨,XAM,昆明,昆明,云南省,25.165931,102.993421
泉港,QGS,泉州,泉州,福建省,25.174851,118.880026
江华,JHZ,永州,永州,湖南省,25.180317,111.555899
蛟洋,JBS,上杭,上杭,福建省,25.182546,116.738305
古田会址,STS,龙岩,龙岩,福建省,25.184245,116.772529
融安,RAZ,柳州,柳州,广西壮族自治区,25.186021,109.412251
南华,NAM,楚雄,楚雄,云南省,25.186587,101.261649
大田边,DBM,曲靖,曲靖,云南省,25.215229,104.719758
巍山,WOM,大理,大理,云南省,25.229618,100.294004
杨林,YLM,昆明,昆明,云南省,25.235397,103.082847
嵩明,SVM,昆明,昆明,云南省,25.239737,103.137645
雁石南,YMS,龙岩,龙岩,福建省,25.240913,117.153751
龙塘坝,LBM,楚雄,楚雄,云南省,25.247477,101.700064
仙游,XWS,莆田,莆田,福建省,25.250204,118.871635
桂林,GLZ,桂林,桂林,广西壮族自治区,25.261398,110.282237
威舍,WSM,兴义,兴义,贵州省,25.28036,104.74344
坪石,PSQ,韶关,韶关,广东省,25.284261,113.054039
漳平,ZPS,龙岩,龙岩,福建省,25.306656,117.419492
小新街,XXM,昆明,昆明,云南省,25.308617,103.224494
甸心,DXM,楚雄,楚雄,云南省,25.315248,101.718605
麻尾,VAW,都匀,都匀,贵州省,25.319472,107.460178
漳平西,ZXG,龙岩,龙岩,福建省,25.322124,117.360563
桂林北,GBZ,桂林,桂林,广西壮族自治区,25.329019,110.301731
永春,ACS,泉州,泉州,福建省,25.330377,118.127882
荔波,UBE,都匀,都匀,贵州省,25.345017,107.822872
黑井,HIM,楚雄,楚雄,云南省,25.347379,101.741959
江永,JYZ,永州,永州,湖南省,25.349899,111.465977
信丰西,XFG,赣州,赣州,江西省,25.350364,114.901151
莆田,PTS,莆田,莆田,福建省,25.350759,119.062718
桂林西,GEZ,桂林,桂林,广西壮族自治区,25.354791,110.267016
五通,WTZ,桂林,桂林,广西壮族自治区,25.37355,110.09072
瓦窑田,WIM,六盘水,六盘水,贵州省,25.38733,104.645382
信丰,EFG,赣州,赣州,江西省,25.397729,114.90709
永平县,APM,永平,永平,云南省,25.404856,99.539221
龙骨甸,LGM,楚雄,楚雄,云南省,25.410276,101.776477
照福铺,ZFM,曲靖,曲靖,云南省,25.411822,103.36783
大余,DYG,赣州,赣州,江西省,25.439415,114.424506
阿南庄,AZM,楚雄,楚雄,云南省,25.442484,101.815692
祥云,XQM,大理,大理,云南省,25.450128,100.557865
小雨谷,XHM,六盘水,六盘水,贵州省,25.465009,104.600229
小村,XEM,楚雄,楚雄,云南省,25.483649,101.846898
吴官田,WGM,曲靖,曲靖,云南省,25.484733,103.534335
马龙,MGM,曲靖,曲靖,云南省,25.485631,103.622577
涵江,HJS,莆田,莆田,福建省,25.491836,119.175937
羊臼河,YHM,楚雄,楚雄,云南省,25.495653,101.836467
德化,DKS,泉州,泉州,福建省,25.504031,118.182082
道州,DFZ,永州,永州,湖南省,25.514979,111.570091
冠豸山南,GSS,龙岩,龙岩,福建省,25.524273,116.679888
曲靖,QJM,曲靖,曲靖,云南省,25.526128,103.79194
威箐,WAM,六盘水,六盘水,贵州省,25.537805,104.556955
平潭,PIS,福州,福州,福建省,25.546821,119.7804
麦园,MYS,麦园,麦园,福建省,25.583205,117.501963
小月旧,XFM,楚雄,楚雄,云南省,25.587778,101.832704
曲靖北,QBM,曲靖,曲靖,云南省,25.588864,103.783835
大理,DKM,大理,大理,云南省,25.589423,100.250631
昆玉,ESR,和田,和田,云南省,25.5946518,103.3349448
鲁番,LVM,六盘水,六盘水,贵州省,25.614551,104.528588
兴安,XAZ,桂林,桂林,广西壮族自治区,25.615185,110.666801
双洋,SQS,龙岩,龙岩,福建省,25.618692,117.373525
尹地,YDM,楚雄,楚雄,云南省,25.636704,101.82994
平关,PGM,六盘水,六盘水,贵州省,25.652175,104.347954
白沙坡,BPM,曲靖,曲靖,云南省,25.657064,103.868044
漾濞,AVM,漾濞,漾濞,云南省,25.659768,99.963244
白水镇,BUM,曲靖,曲靖,云南省,25.659833,104.003756
平河口,PHM,曲靖,曲靖,云南省,25.669357,103.928584
兴安北,XDZ,桂林,桂林,广西壮族自治区,25.673369,110.667306
福清,FQS,福州,福州,福建省,25.675722,119.385294
羊尾哨,YWM,曲靖,曲靖,云南省,25.68811,104.235515
车转湾,CWM,曲靖,曲靖,云南省,25.692438,104.152585
上西铺,SXM,六盘水,六盘水,贵州省,25.697199,104.480396
福清西,FVS,福州,福州,福建省,25.697758,119.304143
大田北,DTS,三明,三明,福建省,25.703096,117.846556
元谋西,AMM,楚雄,楚雄,云南省,25.70816,101.840562
富源北,FBM,曲靖,曲靖,云南省,25.713188,104.270717
红果,HEM,六盘水,六盘水,贵州省,25.714569,104.463417
沙沱,SFM,六盘水,六盘水,贵州省,25.720434,104.443265
三江南,SWZ,柳州,柳州,广西壮族自治区,25.728754,109.587525
郴州西,ICQ,郴州,郴州,湖南省,25.736613,112.969956
冠豸山,GPS,龙岩,龙岩,福建省,25.740144,116.722752
长乐南,CVS,福州,福州,福建省,25.754268,119.595554
长汀南,CNS,长汀,长汀,福建省,25.766629,116.358275
花家庄,HJM,六盘水,六盘水,贵州省,25.784973,104.482598
盘州,PAE,六盘水,六盘水,贵州省,25.791764,104.568228
普安县,PUE,兴义,兴义,贵州省,25.802559,104.869875
郴州,CZQ,郴州,郴州,湖南省,25.808696,113.032966
赣州,GZG,赣州,赣州,江西省,25.819178,114.964335
赣州西,GOG,赣州,赣州,江西省,25.819777,114.817007
会昌北,XEG,赣州,赣州,江西省,25.826917,115.78576
长汀,CES,长汀,长汀,福建省,25.828702,116.344184
三江县,SOZ,柳州,柳州,广西壮族自治区,25.833968,109.57348
平田,PTM,六盘水,六盘水,贵州省,25.83454,104.504461
杨源,AYS,三明,三明,福建省,25.842654,116.799723
新坪田,XPM,六盘水,六盘水,贵州省,25.843961,104.737649
永泰,YTS,福州,福州,福建省,25.848546,118.933949
长乐东,CIS,福州,福州,福建省,25.856099,119.557566
瑞金,RJG,赣州,赣州,江西省,25.863847,116.055334
独山东,DDE,都匀,都匀,贵州省,25.865418,107.557591
独山,RWW,都匀,都匀,贵州省,25.865418,107.557591
盘关,PAM,六盘水,六盘水,贵州省,25.889466,104.501897
从江,KNW,凯里,凯里,贵州省,25.909385,109.114753
长乐,CAS,福州,福州,福建省,25.924313,119.486521
月亮田,YUM,六盘水,六盘水,贵州省,25.925109,104.498746
永安南,YQS,三明,三明,福建省,25.937732,117.389488
全州南,QNZ,桂林,桂林,广西壮族自治区,25.952723,111.042113
关岭,GLE,安顺,安顺,贵州省,25.964385,105.528808
于都,YDG,于都,于都,江西省,25.975227,115.417116
永安,YAS,三明,三明,福建省,25.975233,117.378546
榕江,RVW,凯里,凯里,贵州省,25.987803,108.555391
柏果,BGM,六盘水,六盘水,贵州省,26.001401,104.503714
赣县北,GIG,赣州,赣州,江西省,26.006055,115.155409
双牌,SBZ,永州,永州,湖南省,26.019588,111.660419
松河,SBM,六盘水,六盘水,贵州省,26.031656,104.622947
永仁,ARM,楚雄,楚雄,云南省,26.0489,101.710362
福州南,FYS,福州,福州,福建省,26.074286,119.296411
三都县,KKW,都匀,都匀,贵州省,26.077492,107.816655
雨格,VTM,六盘水,六盘水,贵州省,26.099027,104.66755
福州,FZS,福州,福州,福建省,26.113972,119.320571
牙屯堡,YTZ,怀化,怀化,湖南省,26.130135,109.622712
三家寨,SMM,六盘水,六盘水,贵州省,26.155783,104.726964
都匀东,KJW,都匀,都匀,贵州省,26.166802,107.585415
尤溪,YXS,三明,三明,福建省,26.167378,118.142681
三元西,SRS,三明,三明,福建省,26.173496,117.385213
连江,LKS,福州,福州,福建省,26.194316,119.56712
安顺西,ASE,安顺,安顺,贵州省,26.198189,105.875914
黄桶北,HBE,安顺,安顺,贵州省,26.205121,105.691363
宣威,XWM,曲靖,曲靖,云南省,26.208249,104.119719
茅草坪,KPM,六盘水,六盘水,贵州省,26.211676,104.718271
闽清,MQS,福州,福州,福建省,26.212966,118.907532
清流,QLS,三明,三明,福建省,26.214145,116.814878
零陵,UWZ,永州,永州,湖南省,26.222834,111.582513
六枝,LIW,六盘水,六盘水,贵州省,26.226187,105.464635
六枝南,LOE,六盘水,六盘水,贵州省,26.227467,105.438749
三明,SVS,三明,三明,福建省,26.228233,117.590044
安顺,ASW,安顺,安顺,贵州省,26.229733,105.944151
都匀,RYW,都匀,都匀,贵州省,26.23218,107.514944
明溪,MOS,三明,三明,福建省,26.238217,117.215101
三元区,SMS,三明,三明,福建省,26.240403,117.606454
宁化,NHS,三明,三明,福建省,26.245922,116.726914
于都北,YYG,于都,于都,江西省,26.256595,115.592664
花棚子,HZM,攀枝花,攀枝花,四川省,26.257968,101.913334
营街,YAM,六盘水,六盘水,贵州省,26.260663,104.737076
普定,PGW,安顺,安顺,贵州省,26.282956,105.712427
闽清北,MBS,福州,福州,福建省,26.286935,118.877065
石城东,SDG,赣州,赣州,江西省,26.297694,116.349709
发耳,FEM,六盘水,六盘水,贵州省,26.311653,104.805123
兴国西,XIG,赣州,赣州,江西省,26.312236,115.278652
长箐,CQE,六盘水,六盘水,贵州省,26.314007,105.273971
通道,TRQ,怀化,怀化,湖南省,26.316037,109.632319
兴国,EUG,赣州,赣州,江西省,26.329614,115.318684
贵定县,KIW,都匀,都匀,贵州省,26.351596,107.191085
都格,DMM,六盘水,六盘水,贵州省,26.365205,104.754311
拉鲊,LEM,攀枝花,攀枝花,四川省,26.371667,101.928898
三明北,SHS,三明,三明,福建省,26.375574,117.806777
东安东,DCZ,永州,永州,湖南省,26.37845,111.337867
平坝南,PBE,安顺,安顺,贵州省,26.38334,106.257094
沙县,SAS,沙县,沙县,福建省,26.389459,117.777077
花溪大学城,HDE,贵阳,贵阳,贵州省,26.392981,106.626681
花溪南,HNE,贵阳,贵阳,贵州省,26.398394,106.680175
宁都,NIG,赣州,赣州,江西省,26.399968,115.975168
党武,DWE,贵阳,贵阳,贵州省,26.403784,106.608294
耒阳,LYQ,衡阳,衡阳,湖南省,26.404122,112.822354
耒阳西,LPQ,衡阳,衡阳,湖南省,26.41446,112.789024
孟关,MGE,贵阳,贵阳,贵州省,26.418008,106.739221
天河潭,TTE,贵阳,贵阳,贵州省,26.422189,106.570987
芦官,LAE,贵阳,贵阳,贵州省,26.423975,106.493037
冷坝,LBE,六盘水,六盘水,贵州省,26.425951,105.173498
白鸡坡,BBM,六盘水,六盘水,贵州省,26.426565,104.748713
古田,GTS,宁德,宁德,福建省,26.428901,118.623049
湖潮东,HCE,贵阳,贵阳,贵州省,26.431282,106.513722
永州,AOQ,永州,永州,湖南省,26.454074,111.571592
罗源,LVS,福州,福州,福建省,26.455522,119.576635
迤资,YQM,攀枝花,攀枝花,四川省,26.456805,101.868122
古田北,GBS,宁德,宁德,福建省,26.462258,118.665669
水茜,SSS,三明,三明,福建省,26.465235,116.742801
贵安,GAE,贵阳,贵阳,贵州省,26.465689,106.485572
龙里北,KFW,都匀,都匀,贵州省,26.467792,106.967115
攀枝花南,PNE,攀枝花,攀枝花,四川省,26.468523,101.748956
玉舍,AUM,六盘水,六盘水,贵州省,26.470004,104.812883
双龙南,SNE,贵阳,贵阳,贵州省,26.481167,106.788753
炎陵,YAG,株洲,株洲,湖南省,26.499805,113.784078
凯里南,QKW,凯里,凯里,贵州省,26.514446,107.888072
花溪西,HUE,贵阳,贵阳,贵州省,26.521292,106.517886
六盘水东,LDE,六盘水,六盘水,贵州省,26.522857,104.964147
万安县,WAG,吉安,吉安,江西省,26.523954,114.841048
攀枝花,PRW,攀枝花,攀枝花,四川省,26.543674,101.850876
龙洞堡,FVW,贵阳,贵阳,贵州省,26.544919,106.799181
金华镇,JZE,贵阳,贵阳,贵州省,26.554649,106.552112
鹤庆,HQM,大理,大理,云南省,26.55571,100.216432
贵阳,GIW,贵阳,贵阳,贵州省,26.55657,106.702433
靖州,JEQ,怀化,怀化,湖南省,26.566901,109.688231
延平西,YWS,南平,南平,福建省,26.567326,118.113137
贵定,GTW,都匀,都匀,贵州省,26.581469,107.227735
延平,YPS,南平,南平,福建省,26.590353,118.272901
六盘水,UMW,六盘水,六盘水,贵州省,26.590928,104.85266
贵定北,FMW,都匀,都匀,贵州省,26.5934,107.232358
凯里,KLW,凯里,凯里,贵州省,26.60277,107.975951
金阳南,JNE,贵阳,贵阳,贵州省,26.603156,106.585612
祁阳,QWQ,永州,永州,湖南省,26.607866,111.832208
福泉,VMW,都匀,都匀,贵州省,26.624206,107.53693
来舟,LZS,来舟,来舟,福建省,26.625328,117.986173
延平东,ADS,南平,南平,福建省,26.625745,118.214615
贵阳北,KQW,贵阳,贵阳,贵州省,26.62935,106.675691
金阳,JYE,贵阳,贵阳,贵州省,26.647651,106.588288
盐边,YBE,攀枝花,攀枝花,四川省,26.652751,101.853621
织金,IZW,毕节,毕节,贵州省,26.653929,105.761396
葡萄菁,PTW,六盘水,六盘水,贵州省,26.6560132,104.7226614
贵阳东,KEW,贵阳,贵阳,贵州省,26.664717,106.744611
宁德,NES,宁德,宁德,福建省,26.668639,119.583293
洛湾三江,KRW,贵阳,贵阳,贵州省,26.682216,106.827009
将乐,JLS,三明,三明,福建省,26.695496,117.479571
白云西,BXE,贵阳,贵阳,贵州省,26.70026,106.612846
祁阳北,QVQ,永州,永州,湖南省,26.700409,111.82391
白云北,BVE,贵阳,贵阳,贵州省,26.702912,106.662552
龙市,LAG,吉安,吉安,江西省,26.719373,113.968298
织金北,ZJE,毕节,毕节,贵州省,26.724291,105.791699
井冈山,JGG,吉安,吉安,江西省,26.727855,114.29755
茶陵南,CNG,株洲,株洲,湖南省,26.737073,113.523886
纳雍,NYE,毕节,毕节,贵州省,26.755835,105.375178
祁东,QMQ,衡阳,衡阳,湖南省,26.760557,112.065801
安仁,ARG,郴州,郴州,湖南省,26.768515,113.257162
祁东北,QRQ,衡阳,衡阳,湖南省,26.799284,112.090319
顺昌,SCS,南平,南平,福建省,26.800006,117.816203
清镇西,QUE,贵阳,贵阳,贵州省,26.800304,106.380176
茶陵,CDG,株洲,株洲,湖南省,26.810248,113.54978
丽江,LHM,丽江,丽江,云南省,26.810521,100.252694
建宁南,JQS,建宁,建宁,福建省,26.812551,116.854602
支提山,ZIS,宁德,宁德,福建省,26.820774,119.464601
百宜,FHW,贵阳,贵阳,贵州省,26.822488,106.933104
衡南,HNG,衡阳,衡阳,湖南省,26.824619,112.950658
八步,BBE,毕节,毕节,贵州省,26.830955,105.78707
泰和,THG,吉安,吉安,江西省,26.831407,114.948984
福安,FAS,宁德,宁德,福建省,26.833812,119.717261
攸县南,YXG,株洲,株洲,湖南省,26.843386,113.341204
修文县,XWE,贵阳,贵阳,贵州省,26.850701,106.752898
草海,WBW,毕节,毕节,贵州省,26.879237,104.255273
会同,VTQ,怀化,怀化,湖南省,26.882057,109.732492
衡阳,HYQ,衡阳,衡阳,湖南省,26.889537,112.631049
南江,FIW,贵阳,贵阳,贵州省,26.894189,106.97319
衡阳东,HVQ,衡阳,衡阳,湖南省,26.896474,112.709559
屏南,PNS,宁德,宁德,福建省,26.896747,119.12795
米易东,MDE,攀枝花,攀枝花,四川省,26.905952,102.128306
霞浦,XOS,宁德,宁德,福建省,26.909369,120.032436
建宁县北,JCS,建宁,建宁,福建省,26.915691,116.8709
施秉,AQW,凯里,凯里,贵州省,26.91749,108.135599
泰宁,TNS,三明,三明,福建省,26.926804,117.153328
周宁,ZNS,宁德,宁德,福建省,26.935371,119.379938
三穗,QHW,凯里,凯里,贵州省,26.964908,108.651755
黔西,QXE,毕节,毕节,贵州省,26.985279,106.046921
西渡,XDA,衡阳,衡阳,湖南省,27.002463,112.428248
攸县,YOG,株洲,株洲,湖南省,27.011598,113.354536
法启,FQE,毕节,毕节,贵州省,27.01898,105.573796
建瓯,JVS,南平,南平,福建省,27.023456,118.294263
镇远,ZUW,凯里,凯里,贵州省,27.035134,108.410874
开阳,KVW,贵阳,贵阳,贵州省,27.041192,106.974007
建瓯西,JUS,南平,南平,福建省,27.048577,118.279852
息烽,XFW,贵阳,贵阳,贵州省,27.076468,106.747968
洞口,DKA,邵阳,邵阳,湖南省,27.094951,110.616971
大方南,DNE,毕节,毕节,贵州省,27.116985,105.568423
太姥山,TLS,宁德,宁德,福建省,27.126633,120.224065
吉安西,JIG,吉安,吉安,江西省,27.135643,114.934385
隆回,LHA,邵阳,邵阳,湖南省,27.146259,111.035061
建瓯东,JZS,南平,南平,福建省,27.163564,118.884922
杨桥,YQA,邵阳,邵阳,湖南省,27.168113,112.007986
大方,DFE,毕节,毕节,贵州省,27.207248,105.595043
邵阳西,SXA,邵阳,邵阳,湖南省,27.210348,111.245712
邵阳,SYQ,邵阳,邵阳,湖南省,27.213027,111.461394
衡山,HSQ,衡阳,衡阳,湖南省,27.218788,112.887688
玉屏,YZW,铜仁,铜仁,贵州省,27.238743,108.933917
衡山西,HEQ,衡阳,衡阳,湖南省,27.247382,112.789783
毕节,BOE,毕节,毕节,贵州省,27.262094,105.419026
邵东,FIQ,邵阳,邵阳,湖南省,27.273874,111.748105
吉水西,JSG,吉安,吉安,江西省,27.277855,115.091112
铜仁南,TNW,铜仁,铜仁,贵州省,27.278648,108.975793
福鼎,FES,宁德,宁德,福建省,27.28267,120.189231
南丰,NFG,抚州,抚州,江西省,27.28579,116.600926
政和,ZES,南平,南平,福建省,27.325647,118.851343
江边村,JBG,江边村,江边村,云南省,27.32586,100.208218
安江东,ADA,怀化,怀化,湖南省,27.339491,110.162405
新晃,XLQ,怀化,怀化,湖南省,27.348923,109.196508
邵武,SWS,南平,南平,福建省,27.350333,117.480697
建阳,JYS,南平,南平,福建省,27.354563,118.113798
新晃西,EWQ,怀化,怀化,湖南省,27.379979,109.126003
昭通,ZDW,昭通,昭通,云南省,27.385473,103.791232
德昌,DVW,西昌,西昌,四川省,27.39557,102.186766
德昌西,DXE,西昌,西昌,四川省,27.396821,102.166621
遵义南,,遵义,遵义,贵州省,27.446422,106.839529
芷江,ZPQ,怀化,怀化,湖南省,27.454273,109.660399
南平市,NOS,南平,南平,福建省,27.473006,118.093292
怀化南,KAQ,怀化,怀化,湖南省,27.512353,109.993503
朱砂古镇,ZSE,铜仁,铜仁,贵州省,27.516875,109.13865
苍南,CEH,温州,温州,浙江省,27.527901,120.412049
松溪,SIS,南平,南平,福建省,27.534602,118.827384
光泽,GZS,南平,南平,福建省,27.550338,117.351833
怀化,HHQ,怀化,怀化,湖南省,27.557977,109.967168
双峰北,NFQ,娄底,娄底,湖南省,27.558532,112.013842
小中甸,EDM,香格里拉,香格里拉,云南省,27.558684,99.814279
南城,NDG,抚州,抚州,江西省,27.563569,116.616457
邵阳北,OVQ,邵阳,邵阳,湖南省,27.573312,111.504334
以勒,YPE,昭通,昭通,云南省,27.579911,105.122191
镇雄,ZXE,昭通,昭通,云南省,27.591491,105.126408
峡江,EJG,吉安,吉安,江西省,27.599215,115.336249
溆浦南,EMQ,怀化,怀化,湖南省,27.6054,110.592565
庆元,QYU,丽水,丽水,浙江省,27.614113,118.961962
平阳,ARH,温州,温州,浙江省,27.625482,120.545104
萍乡北,PBG,萍乡,萍乡,江西省,27.641495,113.839189
萍乡,PXG,萍乡,萍乡,江西省,27.647062,113.841304
芦溪,LUG,芦溪,芦溪,江西省,27.651998,114.05291
果珠,GZE,昭通,昭通,云南省,27.654311,104.981787
新化南,EJQ,娄底,娄底,湖南省,27.656041,111.16013
冷水江东,UDQ,娄底,娄底,湖南省,27.660194,111.466722
娄底南,UOQ,娄底,娄底,湖南省,27.663335,112.013321
遵义,ZYE,遵义,遵义,贵州省,27.664302,106.94756
醴陵,LLG,株洲,株洲,湖南省,27.668824,113.512868
花土沟,,茫崖,茫崖,贵州省,27.670342,106.209328
涟源,LAQ,娄底,娄底,湖南省,27.684569,111.675901
醴陵东,UKQ,株洲,株洲,湖南省,27.714832,113.57779
资溪,ZXS,资溪,资溪,江西省,27.721289,117.078364
遵义西,ZIW,遵义,遵义,贵州省,27.721931,107.031922
新化,EHQ,娄底,娄底,湖南省,27.727523,111.303199
武夷山,WAS,南平,南平,福建省,27.729723,118.030053
新干,EGG,吉安,吉安,江西省,27.732428,115.396354
娄底,LDQ,娄底,娄底,湖南省,27.739659,112.005593
铜仁,RDQ,铜仁,铜仁,贵州省,27.740265,109.203945
新干东,XGG,吉安,吉安,江西省,27.743717,115.42735
湘乡,XXQ,湘潭,湘潭,湖南省,27.744595,112.52918
瑞安,RAH,温州,温州,浙江省,27.766806,120.581982
株洲南,KVQ,株洲,株洲,湖南省,27.768818,113.168408
崇仁,CRG,崇仁,崇仁,江西省,27.773913,116.058637
武夷山北,WBS,南平,南平,福建省,27.78006,118.043183
宜春,YEG,宜春,宜春,江西省,27.788759,114.436685
株洲西,ZAQ,株洲,株洲,湖南省,27.790887,113.069681
分宜,FYG,新余,新余,江西省,27.8051,114.663288
香格里拉,EUM,香格里拉,香格里拉,云南省,27.809916,99.689562
新余,XUG,新余,新余,江西省,27.809998,114.939891
威信,WXE,昭通,昭通,云南省,27.820656,105.058189
株洲,ZZQ,株洲,株洲,湖南省,27.835439,113.15853
麻阳西,MYA,怀化,怀化,湖南省,27.835917,109.780867
板塘,NGQ,湘潭,湘潭,湖南省,27.854764,112.95659
麻阳,MVQ,怀化,怀化,湖南省,27.855364,109.803529
西昌西,XCE,西昌,西昌,四川省,27.86814,102.161841
湘潭,XTQ,湘潭,湘潭,湖南省,27.87537,112.912985
西昌,ECW,西昌,西昌,四川省,27.877396,102.22406
辰溪,CXQ,怀化,怀化,湖南省,27.87817,110.255624
大丰,KRQ,株洲,株洲,湖南省,27.879605,113.155981
荷塘,KXQ,湘潭,湘潭,湖南省,27.880696,112.987187
韶山南,INQ,湘潭,湘潭,湖南省,27.889066,112.547264
田心东,KQQ,株洲,株洲,湖南省,27.896337,113.130254
新余北,XBG,新余,新余,江西省,27.911208,114.896706
九郎山,KJQ,株洲,株洲,湖南省,27.918367,113.077247
抚州,FZG,抚州,抚州,江西省,27.91914,116.353349
韶山,SSQ,湘潭,湘潭,湖南省,27.920437,112.529943
昭山,KWQ,湘潭,湘潭,湖南省,27.921086,113.028399
溆浦,EPQ,怀化,怀化,湖南省,27.925912,110.578094
娄山关南,LSE,遵义,遵义,贵州省,27.931298,106.928127
临川,LCG,临川,临川,江西省,27.958912,116.254335
湘潭北,EDQ,湘潭,湘潭,湖南省,27.963789,112.942374
樟树东,ZOG,宜春,宜春,江西省,27.964806,115.600413
温州,RZH,温州,温州,浙江省,27.980441,120.684991
暮云,KIQ,长沙,长沙,湖南省,27.99034,113.00599
抚州北,FBG,抚州,抚州,江西省,28.007169,116.291812
温州南,VRH,温州,温州,浙江省,28.011761,120.668961
龙泉市,LVU,丽水,丽水,浙江省,28.032481,119.132653
芙蓉南,KCQ,长沙,长沙,湖南省,28.033721,112.996604
安化,PKQ,益阳,益阳,湖南省,28.034712,111.100595
低庄,DVQ,怀化,怀化,湖南省,28.049454,110.716256
丰城南,FNG,宜春,宜春,江西省,28.068381,115.761074
温州北,URH,温州,温州,浙江省,28.070411,120.691653
先锋,NQQ,长沙,长沙,湖南省,28.073231,112.990947
松桃,MZQ,铜仁,铜仁,贵州省,28.076516,108.973267
樟树,ZSG,宜春,宜春,江西省,28.077018,115.577179
乐清,UPH,温州,温州,浙江省,28.084408,120.859158
洞井,FWQ,长沙,长沙,湖南省,28.095771,113.014355
湘府路,FVQ,长沙,长沙,湖南省,28.110574,113.027943
桐梓东,TDE,遵义,遵义,贵州省,28.114913,106.836155
青田,QVH,丽水,丽水,浙江省,28.136105,120.278152
香樟路,FNQ,长沙,长沙,湖南省,28.137843,113.029961
长沙南,CWQ,长沙,长沙,湖南省,28.147093,113.06551
树木岭,FMQ,长沙,长沙,湖南省,28.156117,113.019757
兴文南,XAE,宜宾,宜宾,四川省,28.15772,105.271633
丰城东,FIG,宜春,宜春,江西省,28.166555,115.814283
竹园,ZUM,蒙自,蒙自,江西省,28.17242,116.188368
丰城,FCG,宜春,宜春,江西省,28.182257,115.790742
长沙,CSQ,长沙,长沙,湖南省,28.193727,113.014607
乐清东,OLH,温州,温州,浙江省,28.196549,120.991616
余江,YHG,鹰潭,鹰潭,江西省,28.215416,116.818549
吉首东,JDA,吉首,吉首,湖南省,28.216658,109.726652
叙永北,XEE,泸州,泸州,四川省,28.219137,105.413523
开福寺,FLQ,长沙,长沙,湖南省,28.223169,112.980234
东乡,DXG,抚州,抚州,江西省,28.226767,116.626241
五府山,WFG,上饶,上饶,江西省,28.228079,118.045694
谷山,FFQ,长沙,长沙,湖南省,28.229805,112.907698
八方山,FGQ,长沙,长沙,湖南省,28.230401,112.934639
观沙岭,FKQ,长沙,长沙,湖南省,28.230441,112.949575
鹰潭,YTG,鹰潭,鹰潭,江西省,28.235233,117.027445
尖山,JPQ,长沙,长沙,湖南省,28.236598,112.887539
麓谷,BNQ,长沙,长沙,湖南省,28.247852,112.864394
抚州东,FDG,抚州,抚州,江西省,28.259354,116.616359
长沙西,RXQ,长沙,长沙,湖南省,28.259685,112.830029
冕宁,UGW,西昌,西昌,四川省,28.285552,102.19453
宁乡,NXQ,长沙,长沙,湖南省,28.289094,112.580623
贵溪,GXG,鹰潭,鹰潭,江西省,28.289996,117.214223
宁乡西,NXA,长沙,长沙,湖南省,28.295449,112.535809
鹰潭北,YKG,鹰潭,鹰潭,江西省,28.305226,117.03947
喜德,EDW,西昌,西昌,四川省,28.309828,102.39928
楠溪江,NJU,温州,温州,浙江省,28.318965,120.783324
吉首,JIQ,吉首,吉首,湖南省,28.324642,109.735414
兴文,XNE,宜宾,宜宾,四川省,28.334842,105.247713
进贤南,JXG,南昌,南昌,江西省,28.337777,116.234449
雁荡山,YGH,温州,温州,浙江省,28.341531,121.151734
喜德西,XXE,西昌,西昌,四川省,28.353291,102.277188
进贤,JUG,南昌,南昌,江西省,28.354081,116.246163
桐梓北,TBE,遵义,遵义,贵州省,28.385517,106.830964
弋阳,YIG,上饶,上饶,江西省,28.411524,117.446122
横峰,HFG,上饶,上饶,江西省,28.413312,117.601312
丽水,USH,丽水,丽水,浙江省,28.441943,119.953061
向塘,XTG,南昌,南昌,江西省,28.442396,115.961993
秀山,ETW,秀山,秀山,重庆市,28.445212,109.015996
松阳,SUU,丽水,丽水,浙江省,28.446671,119.423562
高安,GCG,宜春,宜春,江西省,28.470797,115.385882
温岭,VHH,台州,台州,浙江省,28.479562,121.325421
上饶,SRG,上饶,上饶,江西省,28.490464,118.006797
南昌南,HOG,南昌,南昌,江西省,28.499902,115.949343
普雄,POW,西昌,西昌,四川省,28.51467,102.650085
益阳南,YAA,益阳,益阳,湖南省,28.514688,112.327282
益阳,AEQ,益阳,益阳,湖南省,28.538067,112.342261
长宁,CNE,宜宾,宜宾,四川省,28.595847,104.928852
水富,OTW,昭通,昭通,云南省,28.606818,104.417168
南昌东,NUG,南昌,南昌,江西省,28.613654,116.020724
古丈西,GXA,吉首,吉首,湖南省,28.620238,109.937052
南昌西,NXG,南昌,南昌,江西省,28.624157,115.792595
越西,YIE,西昌,西昌,四川省,28.630139,102.523633
遂昌,SCU,丽水,丽水,浙江省,28.641923,119.328194
玉山南,YGG,上饶,上饶,江西省,28.64786,118.292798
台州,TEU,台州,台州,浙江省,28.652536,121.372595
玉山,YNG,上饶,上饶,江西省,28.659859,118.235986
缙云,JYH,丽水,丽水,浙江省,28.660212,120.095686
南昌,NCG,南昌,南昌,江西省,28.6619,115.919725
缙云西,PYH,丽水,丽水,浙江省,28.677315,120.055735
进贤北,JHG,南昌,南昌,江西省,28.678114,116.359602
台州西,TZH,台州,台州,浙江省,28.686064,121.289586
猛洞河,MUQ,吉首,吉首,湖南省,28.687047,109.982604
万年,WWG,景德镇,景德镇,江西省,28.6884685,117.0748814
宜宾西,YXE,宜宾,宜宾,四川省,28.724028,104.606893
宜宾,YKE,宜宾,宜宾,四川省,28.727434,104.633051
磁西,CRP,邯郸,邯郸,江西省,28.7336651,115.7950005
乃托,,西昌,西昌,四川省,28.737856,102.603271
汨罗东,MQQ,岳阳,岳阳,湖南省,28.745834,113.144516
头门港,TMU,台州,台州,浙江省,28.75115,121.661595
翠屏,YBW,宜宾,宜宾,四川省,28.752053,104.60118
赶水东,GDE,綦江,綦江,重庆市,28.762243,106.707102
余干,YFG,上饶,上饶,江西省,28.768958,116.648971
芙蓉镇,FRA,吉首,吉首,湖南省,28.770009,109.987114
汉寿南,VSQ,常德,常德,湖南省,28.770086,111.947378
江山,JUH,衢州,衢州,浙江省,28.772657,118.64426
杜桥,DQU,台州,台州,浙江省,28.77676,121.468017
宜宾东,EDE,宜宾,宜宾,四川省,28.798809,104.744258
壶镇,HUU,丽水,丽水,浙江省,28.803127,120.250679
酉阳,AFW,酉阳,酉阳,重庆市,28.807143,108.961734
临海南,LHU,台州,台州,浙江省,28.807651,121.1333
汨罗,MLQ,岳阳,岳阳,湖南省,28.814057,113.075621
仙居南,XNU,台州,台州,浙江省,28.819886,120.7522
仙居,XJU,台州,台州,浙江省,28.821822,120.644032
汉寿,HHA,常德,常德,湖南省,28.84224,111.944879
龙游南,LYU,衢州,衢州,浙江省,28.844276,119.156863
屏山,PSE,宜宾,宜宾,四川省,28.849023,104.360529
永康南,QUH,金华,金华,浙江省,28.850946,120.024127
南溪,NEE,宜宾,宜宾,四川省,28.878315,104.955365
临海,UFH,台州,台州,浙江省,28.880702,121.245202
桃源,TYA,常德,常德,湖南省,28.903748,111.399241
武义,RYH,金华,金华,浙江省,28.908078,119.83097
磐安南,PNU,金华,金华,浙江省,28.908558,120.344436
常山,CSU,衢州,衢州,浙江省,28.922868,118.560641
衢州,QEH,衢州,衢州,浙江省,28.92349,118.881604
泸州,LUE,泸州,泸州,四川省,28.9272,105.422157
甘洛南,GNE,西昌,西昌,四川省,28.928368,102.790676
德兴,DWG,上饶,上饶,江西省,28.958052,117.860194
乐平市,LPG,景德镇,景德镇,江西省,28.966283,117.114379
南溪北,NOE,宜宾,宜宾,四川省,28.969522,104.885876
甘洛,,西昌,西昌,四川省,28.979398,102.763296
鄱阳,POG,上饶,上饶,江西省,28.980708,116.79986
武义北,WDH,金华,金华,浙江省,28.982471,119.849363
磐安,PAU,金华,金华,浙江省,28.991213,120.431841
开化,KHU,衢州,衢州,浙江省,28.991901,118.363285
龙游,LMH,衢州,衢州,浙江省,29.003111,119.165396
泥溪,NIE,宜宾,宜宾,四川省,29.006012,104.274898
永修,ACG,九江,九江,江西省,29.019543,115.816395
綦江东,QDE,綦江,綦江,重庆市,29.02287,106.662509
牛车河,NHA,常德,常德,湖南省,29.031328,111.0002
小湾东,XNM,南涧,南涧,重庆市,29.031444,108.400199
朗县,LIO,朗县,朗县,西藏自治区,29.044708,93.036314
三门县,OQH,台州,台州,浙江省,29.055103,121.362838
泸州东,UDE,泸州,泸州,四川省,29.058424,105.639226
常德,VGQ,常德,常德,湖南省,29.073411,111.6955
张家界,DIQ,张家界,张家界,湖南省,29.104577,110.486394
金华,JBH,金华,金华,浙江省,29.110764,119.635857
金华南,RNH,金华,金华,浙江省,29.11454,119.738679
德兴东,DDG,上饶,上饶,江西省,29.116547,117.957036
加查,JIO,加查,加查,西藏自治区,29.139972,92.568706
天台山,TIU,台州,台州,浙江省,29.141,120.97785
岳阳南,RWQ,岳阳,岳阳,湖南省,29.145702,113.125073
乐平北,LKG,景德镇,景德镇,江西省,29.157596,117.044444
泸县,LXE,泸州,泸州,四川省,29.16322,105.324263
张家界西,JXA,张家界,张家界,湖南省,29.168713,110.463668
沿滩,YTE,自贡,自贡,四川省,29.181285,104.93133
金口河南,JHE,乐山,乐山,四川省,29.187205,103.012142
富顺,FSE,自贡,自贡,四川省,29.208631,105.038183
峨边南,ENE,乐山,乐山,四川省,29.209413,103.262962
兰溪,LWH,金华,金华,浙江省,29.213605,119.47967
横店,HJU,金华,金华,浙江省,29.214859,120.264562
日喀则,RKO,日喀则,日喀则,西藏自治区,29.220966,88.91482
米林,MIO,米林,米林,西藏自治区,29.228361,94.212643
汉源,WHW,雅安,雅安,四川省,29.232695,102.905741
婺源,WYG,上饶,上饶,江西省,29.23928,117.877037
共青城,GAG,九江,九江,江西省,29.242932,115.774971
山南,SAO,山南,山南,西藏自治区,29.246879,91.756985
桑日,SRO,桑日,桑日,西藏自治区,29.255098,92.025226
峨边,,乐山,乐山,四川省,29.257805,103.277462
扎囊,ZNO,扎囊,扎囊,西藏自治区,29.260455,91.340731
珞璜东,LHE,重庆,重庆,重庆市,29.269501,106.499579
永川南,YNE,重庆,重庆,重庆市,29.276106,105.963986
景德镇,JCG,景德镇,景德镇,江西省,29.285658,117.222378
贡嘎,GGO,贡嘎,贡嘎,西藏自治区,29.287407,91.040949
珞璜南,LNE,江津,江津,重庆市,29.299379,106.44176
德安,DAG,九江,九江,江西省,29.308997,115.766721
仁布,RUO,日喀则,日喀则,西藏自治区,29.310356,89.814583
东阳北,DIU,金华,金华,浙江省,29.314277,120.279866
岗嘎,GAO,岗嘎,岗嘎,西藏自治区,29.320737,94.33779
武隆,WLW,武隆,武隆,重庆市,29.326569,107.774685
尼木,NMO,拉萨,拉萨,西藏自治区,29.327775,90.284074
宁海,NHH,宁波,宁波,浙江省,29.33631,121.420354
鄱阳北,PYG,上饶,九江,江西省,29.3364813,116.8894665
景德镇北,JDG,景德镇,景德镇,江西省,29.339669,117.242517
江津北,JAE,重庆,重庆,重庆市,29.344215,106.258928
犍为,JWE,乐山,乐山,四川省,29.346234,103.960053
曲水县,QSO,拉萨,拉萨,西藏自治区,29.350344,90.697773
自贡,ZGE,自贡,自贡,四川省,29.35443,104.880579
桑植,SZA,张家界,张家界,湖南省,29.355776,110.0967
自贡北,ZGW,自贡,自贡,四川省,29.355893,104.791412
隆昌,LCW,内江,内江,四川省,29.356031,105.280755
南彭,NAE,重庆,重庆,重庆市,29.360093,106.601312
彭水,PHW,彭水,彭水,重庆市,29.360546,108.235662
岳阳东,YIQ,岳阳,岳阳,湖南省,29.366234,113.207352
永川东,WMW,永川,永川,重庆市,29.37105,105.951658
岳阳,YYQ,岳阳,岳阳,湖南省,29.37656,113.119807
义乌,YWH,金华,金华,浙江省,29.377689,120.044141
沙湾南,SWE,乐山,乐山,四川省,29.411797,103.541937
慈利,CUQ,张家界,张家界,湖南省,29.416993,111.119093
大足南,FQW,大足,大足,重庆市,29.421425,105.745841
荣昌北,RQW,荣昌,荣昌,重庆市,29.432575,105.636772
临澧,,常德,常德,湖南省,29.433614,111.609018
黔江,QNW,黔江,黔江,重庆市,29.44328,108.791009
龙山北,LBA,吉首,吉首,湖南省,29.457623,109.443974
隆昌北,NWW,内江,内江,四川省,29.465015,105.290416
临湘,LXQ,岳阳,岳阳,湖南省,29.474575,113.484136
都昌,DCG,九江,九江,江西省,29.479662,116.41819
浦江,PJU,金华,金华,浙江省,29.490763,119.98247
重庆南,CRW,重庆,重庆,重庆市,29.49678,106.538942
重庆西,CXW,重庆,重庆,重庆市,29.500614,106.436985
璧山,FZW,璧山,璧山,重庆市,29.50415,106.224251
路口铺,LKQ,岳阳,岳阳,湖南省,29.510057,113.368218
浮梁东,FVG,景德镇,景德镇,江西省,29.510721,117.462283
迎龙,YVE,重庆,重庆,重庆市,29.517689,106.725929
来凤,LFA,恩施,恩施,湖北省,29.517937,109.359036
嵊州新昌,SKU,绍兴,绍兴,浙江省,29.527027,120.820287
林芝,LZO,林芝,林芝,西藏自治区,29.527414,94.437555
新昌北,XBU,绍兴,绍兴,浙江省,29.537361,120.983649
白马北,BME,内江,内江,四川省,29.541046,104.994837
威远,WYE,内江,内江,四川省,29.548307,104.736442
重庆,CQW,重庆,重庆,重庆市,29.549041,106.545124
燕岗,YGW,乐山,乐山,四川省,29.552374,103.523809
沙坪坝,CYW,重庆,重庆,重庆市,29.554128,106.460664
内江东,NDE,内江,内江,四川省,29.571837,105.068491
建德,JDU,杭州,杭州,浙江省,29.572101,119.427267
峨眉山,IXW,乐山,乐山,四川省,29.576403,103.466479
峨眉,EMW,乐山,乐山,四川省,29.584529,103.521302
石门县,OMQ,常德,常德,湖南省,29.587511,111.377023
内江,NJW,内江,内江,四川省,29.587847,105.036374
咸丰,XFA,恩施,恩施,湖北省,29.59628,109.060879
庐山,LSG,九江,九江,江西省,29.596314,115.878786
石门县北,VFQ,常德,常德,湖南省,29.599691,111.434362
乐山,IVW,乐山,乐山,四川省,29.602157,103.713921
内江北,NKW,内江,内江,四川省,29.609332,105.085032
重庆北,CUW,重庆,重庆,重庆市,29.611148,106.549854
拉萨,LSO,拉萨,拉萨,西藏自治区,29.623017,91.070434
奉化,FHH,宁波,宁波,浙江省,29.627982,121.464646
溪口,XKU,宁波,宁波,浙江省,29.631696,121.243291
复盛,FAW,重庆,江津,重庆市,29.65352,106.799082
瑞昌西,RXG,九江,九江,江西省,29.660384,115.634336
瑞昌,RCG,九江,九江,江西省,29.689574,115.67153
涪陵,FLW,涪陵,涪陵,重庆市,29.69937,107.333802
九江,JJG,九江,九江,江西省,29.703889,116.006889
江北机场,JCE,重庆,重庆,重庆市,29.707134,106.654858
赤壁,CBN,咸宁,咸宁,湖北省,29.721708,113.930057
黄山,HKH,黄山,黄山,安徽省,29.722545,118.322525
龙兴,LIE,重庆,重庆,重庆市,29.724813,106.85623
诸暨,ZDH,绍兴,绍兴,浙江省,29.726993,120.185186
赤壁北,CIN,咸宁,咸宁,湖北省,29.734382,113.899852
千岛湖,QDU,杭州,杭州,浙江省,29.735485,119.191992
夹江,UTW,乐山,乐山,四川省,29.738143,103.571313
枫林,FLN,黄石,黄石,湖北省,29.751105,115.409809
乐山北,,乐山,乐山,四川省,29.751115,103.577007
银花,YWE,重庆,重庆,重庆市,29.768293,106.727379
涪陵北,FEW,涪陵,涪陵,重庆市,29.770061,107.277572
嵊州北,SEU,绍兴,绍兴,浙江省,29.783182,120.811641
桐庐,TLU,杭州,杭州,浙江省,29.789648,119.731416
长寿,EFW,长寿,长寿,重庆市,29.789858,106.966277
资中北,WZW,内江,内江,四川省,29.796491,104.872335
古路,GOE,重庆,重庆,重庆市,29.797885,106.694733
黄山北,NYH,黄山,黄山,安徽省,29.81511,118.273139
澧县,,常德,常德,湖南省,29.818929,111.604599
祁门南,QNU,黄山,黄山,安徽省,29.832645,117.699286
咸宁南,UNN,咸宁,咸宁,湖北省,29.836784,114.305953
水土,SUE,重庆,重庆,重庆市,29.844799,106.594872
丰都,FUW,丰都,丰都,重庆市,29.845635,107.690193
祁门,QIH,黄山,黄山,安徽省,29.846388,117.729953
宁波东,NVH,宁波,宁波,浙江省,29.847568,121.584787
青神,QVW,眉山,眉山,四川省,29.848677,103.770045
桐庐东,TBU,杭州,杭州,浙江省,29.855121,119.765133
统景,TOE,重庆,重庆,重庆市,29.855576,106.873508
阳新,YON,黄石,黄石,湖北省,29.857852,115.178994
宁波,NGH,宁波,宁波,浙江省,29.861967,121.536807
咸宁东,XKN,咸宁,咸宁,湖北省,29.865922,114.344896
彭泽,PZG,九江,九江,江西省,29.86607,116.543023
歙县,OVH,黄山,黄山,安徽省,29.866602,118.411663
咸宁,XNN,咸宁,咸宁,湖北省,29.879483,114.288565
长寿北,COW,长寿,长寿,重庆市,29.880884,107.075341
黟县东,YIU,黄山,黄山,安徽省,29.884966,118.047733
蔡山,CON,黄冈,黄冈,湖北省,29.89183,115.787887
资中西,ZZE,内江,内江,四川省,29.892377,104.613572
咸宁北,XRN,咸宁,咸宁,湖北省,29.898526,114.301558
歙县北,NPH,黄山,黄山,安徽省,29.921814,118.410632
庄桥,ZQH,宁波,宁波,浙江省,29.923572,121.535869
横沟桥东,HNN,咸宁,咸宁,湖北省,29.934037,114.373373
白沙铺,BSN,黄石,黄石,湖北省,29.958262,115.075031
合川,WKW,合川,合川,重庆市,29.959733,106.278613
长寿湖,CSE,长寿,长寿,重庆市,29.965235,107.20443
石柱县,OSW,石柱,石柱,重庆市,29.965596,108.097376
武穴,WXN,武穴,武穴,湖北省,29.969141,115.63792
上虞南,SVU,绍兴,绍兴,浙江省,29.978786,120.796142
上虞,BDH,绍兴,绍兴,浙江省,30.001322,120.856929
富阳,FYU,杭州,杭州,浙江省,30.001339,119.992567
武穴北,WJN,武穴,武穴,湖北省,30.001983,115.686355
绍兴,SOH,绍兴,绍兴,浙江省,30.014254,120.579637
贺胜桥东,HLN,咸宁,咸宁,湖北省,30.01945,114.371818
三阳,SYU,黄山,黄山,安徽省,30.027021,118.807804
雅安,YAE,雅安,雅安,四川省,30.028493,103.056953
富阳西,FUU,杭州,杭州,浙江省,30.045956,119.862356
绍兴东,SSH,绍兴,绍兴,浙江省,30.054354,120.852869
余姚,YYH,宁波,宁波,浙江省,30.054516,121.161527
绩溪县,JRH,宣城,宣城,安徽省,30.055636,118.583793
名山,MSE,雅安,雅安,四川省,30.057315,103.190372
黄梅东,HDU,黄冈,黄冈,湖北省,30.061719,115.971161
眉山,MSW,眉山,眉山,四川省,30.064003,103.812306
眉山东,IUW,眉山,眉山,四川省,30.066581,103.822478
绩溪北,NRH,宣城,宣城,安徽省,30.071142,118.571607
山坡东,SBN,武汉,武汉,湖北省,30.086255,114.360182
黄梅,VEH,黄冈,黄冈,湖北省,30.093187,115.942497
黄水,SZE,石柱县,石柱县,重庆市,30.094249,108.495991
余姚北,CTH,宁波,宁波,浙江省,30.098002,121.168323
绍兴北,SLH,绍兴,绍兴,浙江省,30.099417,120.538406
大冶北,DBN,黄石,黄石,湖北省,30.120934,115.000234
资阳北,FYW,资阳,资阳,四川省,30.12561,104.68237
资阳西,ZIE,资阳,资阳,四川省,30.12694,104.551948
宿松东,SSU,安庆,安庆,安徽省,30.152384,116.143134
黄石,HSN,黄石,黄石,湖北省,30.153898,114.941157
朝阳湖,CYE,成都,成都,四川省,30.167016,103.445791
东至,DCH,池州,池州,安徽省,30.172397,117.028572
松滋,,荆州,荆州,湖北省,30.172569,111.607038
杭州南,XHH,杭州,杭州,浙江省,30.17264,120.295589
蒲江,PJE,成都,成都,四川省,30.191814,103.49681
彭山,PSW,眉山,眉山,四川省,30.191977,103.858757
蕲春南,QCN,蕲春,蕲春,湖北省,30.203318,115.408399
黄石东,OSN,黄石,黄石,湖北省,30.205214,115.091132
彭山北,PPW,眉山,眉山,四川省,30.207597,103.861436
黄石北,KSN,黄石,黄石,湖北省,30.21137,115.008019
土地堂东,TTN,武汉,武汉,湖北省,30.212462,114.338103
潼南,TVW,潼南,潼南,重庆市,30.219175,105.878266
花湖,KHN,黄石,黄石,湖北省,30.220522,115.083243
宿松,OAH,安庆,安庆,安徽省,30.229766,116.104065
蕲春,QRN,蕲春,蕲春,湖北省,30.2427,115.44658
杭州,HZH,杭州,杭州,浙江省,30.243486,120.182882
乌龙泉南,WFN,武汉,武汉,湖北省,30.256908,114.345258
枝城,ZCN,宜昌,宜昌,湖北省,30.270458,111.508918
高兴,VWW,广安,广安,四川省,30.2767,106.734942
黄山西,HWU,黄山,黄山,安徽省,30.277519,118.089444
利川,LCN,恩施,恩施,湖北省,30.278503,108.940383
杭州东,HGH,杭州,杭州,浙江省,30.290851,120.2126
旌德,NSH,宣城,宣城,安徽省,30.292252,118.529319
杭州西,HVU,杭州,杭州,浙江省,30.297932,119.986781
垫江,DJE,垫江,垫江,重庆市,30.307041,107.378016
西来,XLE,成都,成都,四川省,30.309789,103.51646
天府机场,TIE,成都,成都,四川省,30.311816,104.444435
仙桃,VTN,仙桃,仙桃,湖北省,30.320872,113.507379
恩施,ESN,恩施,恩施,湖北省,30.34883,109.48471
新津南,ITW,成都,成都,四川省,30.348988,103.857052
简阳南,JOW,成都,成都,四川省,30.353437,104.51876
纸坊东,ZMN,武汉,武汉,湖北省,30.353934,114.344423
鄂州东,EFN,鄂州,鄂州,湖北省,30.361224,114.94799
鄂州,ECN,鄂州,鄂州,湖北省,30.362027,114.86695
华蓥,HUW,广安,广安,四川省,30.363101,106.781129
三岔湖,SCE,成都,成都,四川省,30.36418,104.331578
武胜,WSE,广安,广安,四川省,30.369526,106.106033
荆州,JBN,荆州,荆州,湖北省,30.369846,112.213072
临平南,EVH,杭州,杭州,浙江省,30.380793,120.296665
普安,PAN,武汉,武汉,湖北省,30.387046,114.354488
潜江,QJN,潜江,潜江,湖北省,30.389544,112.939352
太湖南,TAU,安庆,安庆,安徽省,30.409035,116.362075
浠水南,VNN,浠水,浠水,湖北省,30.410228,115.239572
邛崃,QLE,成都,成都,四川省,30.411255,103.484856
庙山,MSN,武汉,武汉,湖北省,30.41309,114.373546
仙桃西,XAN,仙桃,仙桃,湖北省,30.42452,113.140008
天门南,TNN,天门,天门,湖北省,30.427563,113.456477
浠水,XZN,浠水,浠水,湖北省,30.433279,115.242086
海宁西,EUH,嘉兴,嘉兴,浙江省,30.438793,120.391686
汤逊湖,THN,武汉,武汉,湖北省,30.445367,114.385239
华容南,KRN,鄂州,鄂州,湖北省,30.446503,114.774687
广安南,VUW,广安,广安,四川省,30.451241,106.592235
太湖,TKH,安庆,安庆,安徽省,30.45983,116.300139
新津,IRW,成都,成都,四川省,30.465171,103.87099
南湖东,NDN,武汉,武汉,湖北省,30.466661,114.380325
枝江北,ZIN,宜昌,宜昌,湖北省,30.476328,111.772346
黄冈,KGN,黄冈,黄冈,湖北省,30.484666,114.943031
武汉东,LFN,武汉,武汉,湖北省,30.485934,114.430717
葛店南,GNN,鄂州,鄂州,湖北省,30.490435,114.66016
广安,VJW,广安,广安,四川省,30.493628,106.896649
左岭,ZSN,武汉,武汉,湖北省,30.499889,114.609525
黄冈西,KXN,黄冈,黄冈,湖北省,30.503878,114.888692
黄冈东,KAN,黄冈,黄冈,湖北省,30.506658,114.986377
花山南,KNN,武汉,武汉,湖北省,30.52833,114.512847
武昌,WCN,武汉,武汉,湖北省,30.52863,114.317531
华容东,HPN,鄂州,鄂州,湖北省,30.531861,114.786403
海宁,HNH,嘉兴,嘉兴,浙江省,30.533635,120.685349
华容,HRN,鄂州,鄂州,湖北省,30.534145,114.732752
德清西,MOH,湖州,湖州,浙江省,30.535146,119.958213
岳池,AWW,广安,广安,四川省,30.536512,106.470693
桐乡,TCH,嘉兴,嘉兴,浙江省,30.537324,120.567363
汉川,HCN,孝感,孝感,湖北省,30.54169,113.813005
遂宁,NIW,遂宁,遂宁,四川省,30.542454,105.541628
双流西,IQW,成都,成都,四川省,30.542502,103.9189
德清,DRH,湖州,湖州,浙江省,30.544705,120.060361
安庆,AQH,安庆,安庆,安徽省,30.549275,117.065139
大邑,DEE,成都,成都,四川省,30.560859,103.534953
建始,JRN,恩施,恩施,湖北省,30.567267,109.728084
大英东,IAW,遂宁,遂宁,四川省,30.569051,105.271747
双流机场,IPW,成都,成都,四川省,30.569214,103.956527
潜山,QSU,安庆,安庆,安徽省,30.574366,116.616765
黄州,VON,黄冈,黄冈,湖北省,30.586193,115.00546
宁国南,NIU,宣城,宣城,安徽省,30.588103,118.954199
九华山,JSU,池州,池州,安徽省,30.595822,117.856429
成都南,CNW,成都,成都,四川省,30.606137,104.068451
武汉,WHN,武汉,武汉,湖北省,30.606689,114.424309
崇州,CZE,成都,成都,四川省,30.60997,103.682554
羊马,YME,成都,成都,四川省,30.618172,103.758381
汉口,HKN,武汉,武汉,湖北省,30.618531,114.254822
池州,IYH,池州,池州,安徽省,30.619293,117.522652
长阳,CYN,宜昌,宜昌,湖北省,30.620145,110.850652
成都东,ICW,成都,成都,四川省,30.624201,104.141011
温江,WJE,成都,成都,四川省,30.634768,103.814397
宁国,NNH,宣城,宣城,安徽省,30.635397,118.992479
后湖,IHN,武汉,武汉,湖北省,30.637409,114.274042
梁平南,LPE,梁平,梁平,重庆市,30.64259,107.769981
沙洋西,OJN,荆门,荆门,湖北省,30.6526,112.163736
天柱山,QWH,安庆,安庆,安徽省,30.655476,116.560326
泾县,LOH,宣城,宣城,安徽省,30.658189,118.389296
宜昌东,HAN,宜昌,宜昌,湖北省,30.658286,111.370163
金银潭,JTN,武汉,武汉,湖北省,30.659555,114.26465
野三关,BNN,恩施,恩施,湖北省,30.662558,110.35811
高坪,GGN,恩施,恩施,湖北省,30.664721,110.090989
安庆西,AIU,安庆,安庆,安徽省,30.673534,116.863687
蓬溪,KZW,遂宁,遂宁,四川省,30.679489,105.705653
成都西,CMW,成都,成都,四川省,30.68538,103.979246
嘉兴南,EPH,嘉兴,嘉兴,浙江省,30.691199,120.799308
天门北,TMN,天门,天门,湖北省,30.696242,113.212781
成都,CDW,成都,成都,四川省,30.697071,104.073739
宜昌,YCN,宜昌,宜昌,湖北省,30.701564,111.299166
梁平,UQW,梁平,梁平,重庆市,30.71525,107.81741
盘龙城,PNN,武汉,武汉,湖北省,30.715937,114.217948
犀浦东,XAW,成都,成都,四川省,30.736369,103.990831
安靖,PYW,成都,成都,四川省,30.737372,104.036624
万州,WYW,万州,万州,重庆市,30.75466,108.399932
犀浦,XIW,成都,成都,四川省,30.757376,103.972131
怀宁,APH,安庆,安庆,安徽省,30.761924,116.819464
嘉兴,JXH,嘉兴,嘉兴,浙江省,30.764273,120.763436
天河机场,TJN,武汉,武汉,湖北省,30.770067,114.218484
红光镇,IGW,成都,成都,四川省,30.771554,103.94395
嘉善南,EAH,嘉兴,嘉兴,浙江省,30.788441,120.93557
石桥,SQE,达州,达川,四川省,30.798046,104.021732
新都东,EWW,成都,成都,四川省,30.799615,104.194385
渠县,QRW,达州,达州,四川省,30.805657,107.012294
南充,NCW,南充,南充,四川省,30.807886,106.086011
郫县,PWW,成都,成都,四川省,30.808225,103.908198
安吉,AJU,湖州,湖州,浙江省,30.814927,119.61031
湖州东,HKU,湖州,湖州,浙江省,30.817459,120.178595
天河街,TEN,武汉,武汉,湖北省,30.821972,114.212641
郫县西,PCW,成都,成都,四川省,30.823516,103.880432
闵集,MJN,孝感,孝感,湖北省,30.823852,114.141741
湖州南浔,KIU,湖州,湖州,浙江省,30.827885,120.407821
海湾,RWH,上海,上海,上海市,30.828697,121.520925
南陵,LLH,芜湖,芜湖,安徽省,30.836048,118.298419
当阳,DYN,宜昌,宜昌,湖北省,30.847574,111.812451
嘉善,JSH,嘉兴,嘉兴,浙江省,30.850195,120.918419
广德南,GNU,宣城,宣城,安徽省,30.854572,119.41802
南充北,NCE,南充,南充,四川省,30.856368,106.070913
万州北,WZE,万州,万州,重庆市,30.862789,108.366965
湖州,VZH,湖州,湖州,浙江省,30.862856,120.023783
毛陈,MHN,孝感,孝感,湖北省,30.863741,113.991126
天门,TKN,天门,天门,湖北省,30.865618,113.316715
桐城南,TUU,安庆,安庆,安徽省,30.873571,116.964692
安德,ARW,成都,成都,四川省,30.874189,103.812066
芦潮港,UCH,上海,上海,上海市,30.885173,121.850758
青城山,QSW,成都,成都,四川省,30.892249,103.60653
金山北,EGH,上海,上海,上海市,30.894305,121.089517
青白江东,QFW,成都,成都,四川省,30.894749,104.225489
槐荫,IYN,孝感,孝感,湖北省,30.897364,113.964747
盛泽,SJU,苏州,苏州,江苏省,30.907035,120.569195
广德,GRH,宣城,宣城,安徽省,30.911854,119.409302
开江,KAW,达州,达州,四川省,30.914013,107.801205
铜陵,TJH,铜陵,铜陵,安徽省,30.918688,117.861442
应城,YHN,孝感,孝感,湖北省,30.923321,113.573103
孝感东,GDN,孝感,孝感,湖北省,30.933697,113.948613
郎溪南,LXU,宣城,宣城,安徽省,30.938153,119.156267
彭州南,PKW,成都,成都,四川省,30.940756,103.940389
三星堆,SDE,德阳,德阳,四川省,30.941146,104.210956
宣城,ECH,宣城,宣城,安徽省,30.947421,118.774463
孝感,XGN,孝感,孝感,湖北省,30.9554,113.929215
都江堰,DDW,成都,成都,四川省,30.957225,103.638328
步行街,BWW,成都,成都,四川省,30.958743,103.940219
彭州,PMW,成都,成都,四川省,30.978661,103.925129
迎宾路,YFW,成都,成都,四川省,30.981442,103.641822
上海松江,IMH,上海,上海,上海市,30.982884,121.229721
松江,,上海,上海,上海市,30.982884,121.229721
松江南,,上海,上海,上海市,30.984818,121.230884
长兴南,CFH,湖州,湖州,浙江省,30.989761,119.905026
离堆公园,INW,成都,成都,四川省,30.993627,103.623916
练塘,LTU,上海,上海,上海市,30.995367,121.031374
云阳,YUE,云阳,云阳,重庆市,30.997668,108.724646
松江北,SAH,上海,上海,上海市,30.999607,121.227778
蓬安,PAW,南充,南充,四川省,30.999995,106.423735
荆门西,MXN,荆门,荆门,湖北省,31.001891,112.113623
红安,HWN,黄冈,黄冈,湖北省,31.00326,114.632164
红安西,,黄冈,黄冈,湖北省,31.0042,114.632331
广汉北,GVW,德阳,德阳,四川省,31.008877,104.275415
铜陵北,KXH,铜陵,铜陵,安徽省,31.013308,118.02126
土溪,TSW,达州,达州,四川省,31.015149,107.061317
云梦,YMN,孝感,孝感,湖北省,31.021252,113.73818
桐城东,TOU,安庆,安庆,安徽省,31.025297,117.040098
奉节,FJE,奉节,奉节,重庆市,31.025394,109.373924
京山,JCN,荆门,荆门,湖北省,31.036646,113.136905
长兴,CBH,湖州,湖州,浙江省,31.041454,119.974226
云梦东,YRN,孝感,孝感,湖北省,31.044928,113.783614
桐城,TTH,安庆,安庆,安徽省,31.050667,116.978616
荆门,JMN,荆门,荆门,湖北省,31.050744,112.212048
苏州南,SMU,苏州,苏州,江苏省,31.063155,120.799811
营山,NUW,南充,南充,四川省,31.064432,106.56927
繁昌西,PUH,芜湖,芜湖,安徽省,31.071407,118.158163
湾沚南,WNU,芜湖,芜湖,安徽省,31.092275,118.584842
什邡西,SFE,德阳,德阳,四川省,31.121506,104.120619
巫山,WOE,巫山,巫山,重庆市,31.129794,109.918943
龙桥,LQU,合肥,合肥,安徽省,31.134802,117.443701
蓬安西,PXE,南充,南充,四川省,31.138524,106.243439
麻城,MCN,黄冈,黄冈,湖北省,31.145851,114.963621
上海南,SNH,上海,上海,上海市,31.154579,121.430041
无为南,WWU,芜湖,芜湖,安徽省,31.154827,117.929647
巴东,BBN,恩施,恩施,湖北省,31.162287,110.381901
德阳,DYW,德阳,德阳,四川省,31.165715,104.390031
钟祥,ZTN,荆门,荆门,湖北省,31.176019,112.616324
麻城北,MBN,黄冈,黄冈,湖北省,31.186468,114.984755
上海虹桥,AOH,上海,上海,上海市,31.193964,121.320081
达州,RXW,达州,达州,四川省,31.198045,107.452874
石梯,STE,达州,达州,四川省,31.241088,107.152508
花园,HUN,孝感,孝感,湖北省,31.243321,113.977141
芜湖南,RVH,芜湖,芜湖,安徽省,31.248894,118.378702
上海,SHH,上海,上海,上海市,31.249574,121.455708
安陆西,AXN,孝感,孝感,湖北省,31.254616,113.654401
安陆,ALN,孝感,孝感,湖北省,31.25747,113.69586
绵竹南,MNE,德阳,德阳,四川省,31.25875,104.212322
仪陇,YCE,南充,南充,四川省,31.260673,106.313056
上海西,SXH,上海,上海,上海市,31.262342,121.400336
庐江西,LUU,合肥,合肥,安徽省,31.267759,117.217654
南翔北,NEH,上海,上海,上海市,31.281473,121.30875
罗江东,IKW,德阳,德阳,四川省,31.303533,104.535626
无为,IIH,芜湖,芜湖,安徽省,31.304031,117.969307
罗江,LJW,德阳,德阳,四川省,31.305207,104.502127
安亭西,AXU,上海,上海,上海市,31.311301,121.156483
宜兴,YUH,无锡,无锡,江苏省,31.311531,119.813956
安亭北,ASH,上海,上海,上海市,31.314374,121.158416
兴山,EMN,宜昌,宜昌,湖北省,31.328341,110.752484
苏州,SZH,苏州,苏州,江苏省,31.329679,120.610868
花桥,VQH,苏州,苏州,江苏省,31.335331,121.045988
庐江,UJH,合肥,合肥,安徽省,31.341387,117.176856
芜湖,WHH,芜湖,芜湖,安徽省,31.347977,118.391664
昆山南,KNH,苏州,苏州,江苏省,31.35314,120.950889
芜湖北,WBU,芜湖,芜湖,安徽省,31.355311,118.255984
昆山,KSH,苏州,苏州,江苏省,31.366195,120.957331
南部,NBE,南充,南充,四川省,31.371056,106.013772
苏州新区,ITH,苏州,苏州,江苏省,31.371637,120.525487
阳澄湖,AIH,苏州,苏州,江苏省,31.380434,120.861898
溧阳,LEH,常州,常州,江苏省,31.385832,119.502484
太仓南,TNU,苏州,苏州,江苏省,31.408451,121.152278
苏州北,OHH,苏州,苏州,江苏省,31.421548,120.644301
那曲,NQO,那曲,那曲,西藏自治区,31.442993,91.990936
绵阳,MYW,绵阳,绵阳,四川省,31.459579,104.717671
安州,AZE,绵阳,绵阳,四川省,31.463104,104.237181
含山南,HSU,马鞍山,马鞍山,安徽省,31.478236,118.092327
马鞍,MAE,南充,南充,四川省,31.482415,106.62278
舒城东,SDU,六安,六安,安徽省,31.484512,117.04679
无锡新区,IFH,无锡,无锡,江苏省,31.499378,120.392141
舒城,OCH,六安,六安,安徽省,31.50915,117.159956
太仓,TCU,苏州,苏州,江苏省,31.511958,121.196856
宣汉,XHY,达州,达州,四川省,31.542126,107.659297
平昌,PCE,巴中,巴中,四川省,31.552752,107.076208
瓦屋山,WAH,常州,常州,江苏省,31.557914,119.27335
阆中,LZE,南充,南充,四川省,31.557975,105.957628
当涂东,OWH,马鞍山,马鞍山,安徽省,31.56095,118.525931
孝感北,XJN,孝感,孝感,湖北省,31.585987,114.220887
无锡,WXH,无锡,无锡,江苏省,31.588048,120.306376
无锡东,WGH,无锡,无锡,江苏省,31.596772,120.460108
巢湖,CIH,合肥,合肥,安徽省,31.614664,117.890512
毛坝,MBY,达州,达州,四川省,31.616175,107.744611
巢湖东,GUH,合肥,合肥,安徽省,31.617877,117.923854
金寨,JZH,六安,六安,安徽省,31.625827,115.975584
神农架,SMN,神农架,神农架,湖北省,31.629351,110.915397
宜城,YYN,宜城,襄阳,湖北省,31.629981,112.184451
广水,GSN,随州,随州,湖北省,31.631872,114.036861
高川,GCE,绵阳,绵阳,四川省,31.63566,104.2073
新县,XSN,信阳,信阳,河南省,31.642717,114.888942
随州南,ONN,随州,随州,湖北省,31.651912,113.364996
武进,WJU,常州,常州,江苏省,31.659189,119.946727
惠山,VCH,无锡,无锡,江苏省,31.670507,120.20218
青莲,QEW,绵阳,绵阳,四川省,31.670825,104.701482
溧水,LDH,南京,南京,江苏省,31.679428,119.096298
苏州园区,KAH,苏州,苏州,江苏省,31.685434,120.886493
马鞍山东,OMH,马鞍山,马鞍山,安徽省,31.693485,118.540315
金坛,JTU,常州,常州,江苏省,31.695934,119.545148
常熟,CAU,苏州,苏州,江苏省,31.696583,120.780193
长临河,FVH,合肥,合肥,安徽省,31.698046,117.482921
马鞍山,MAH,马鞍山,马鞍山,安徽省,31.707324,118.502361
六安,UAH,六安,六安,安徽省,31.714959,116.499665
肥西,FAH,合肥,合肥,安徽省,31.716637,117.142948
随州,SZN,随州,随州,湖北省,31.721066,113.416979
戚墅堰,QYH,常州,常州,江苏省,31.722989,120.067899
茂县,MXE,阿坝藏族羌族自治州,阿坝藏族羌族自治州,四川省,31.72564,103.944172
曾口,ZKE,巴中,巴中,四川省,31.726019,106.919443
保康县,BKN,襄阳,襄阳,湖北省,31.742977,111.227217
柘皋,ZGU,合肥,合肥,安徽省,31.74655,117.724205
苍溪,CXE,广元,广元,四川省,31.759727,105.915378
巴中西,BZE,巴中,巴中,四川省,31.76454,106.65632
随县,OVN,随州,随州,湖北省,31.765475,113.210262
泥河子,NHD,锦州,锦州,安徽省,31.7704694,117.2308735
江油,JFW,绵阳,绵阳,四川省,31.780902,104.770711
常州,CZH,常州,常州,江苏省,31.785216,119.973242
合肥南,ENH,合肥,合肥,安徽省,31.800004,117.290051
南漳,NZN,襄阳,襄阳,湖北省,31.800682,111.866903
张家港,ZAU,苏州,苏州,江苏省,31.817334,120.674056
江宁西,OKH,南京,南京,江苏省,31.823671,118.595463
句容西,JWH,镇江,镇江,江苏省,31.832857,118.980236
蜀山东,HTH,合肥,合肥,安徽省,31.833472,117.21714
叶集,YCH,六安,六安,安徽省,31.833812,115.93727
巴中东,BDE,巴中,巴中,四川省,31.840467,106.874496
常州北,ESH,常州,常州,江苏省,31.853407,119.954787
启东,QOU,南通,南通,江苏省,31.85599,121.645497
肥东,FIH,合肥,合肥,安徽省,31.857978,117.486026
江阴,KYH,无锡,无锡,江苏省,31.86194,120.27925
褚家湾,CWJ,固原,固原,安徽省,31.8621515,117.3366158
巴中,IEW,巴中,巴中,四川省,31.8748,106.765085
合肥,HFH,合肥,合肥,安徽省,31.885135,117.316937
固始,GXN,信阳,信阳,河南省,31.915006,115.669449
句容,JRU,镇江,镇江,江苏省,31.920345,119.172182
海门,HMU,南通,南通,江苏省,31.926348,121.183012
江宁,JJH,南京,南京,江苏省,31.936032,118.898894
商城,SWN,信阳,信阳,河南省,31.953148,115.442543
南京南,NKH,南京,南京,江苏省,31.970968,118.796786
光山,GUN,信阳,信阳,河南省,31.976997,114.964535
江油北,JBE,绵阳,绵阳,四川省,31.982744,105.075939
丹阳,DYH,镇江,镇江,江苏省,32.001768,119.592818
中华门,VNH,南京,南京,江苏省,32.006166,118.778649
襄阳东,EKN,襄阳,襄阳,湖北省,32.014458,112.296348
丹阳北,EXH,镇江,镇江,江苏省,32.014739,119.670853
霍邱,FBH,六安,六安,安徽省,32.054923,116.143787
襄阳,XFN,襄阳,襄阳,湖北省,32.057796,112.156209
全椒,INH,滁州,滁州,安徽省,32.060217,118.282951
合肥北城,COH,合肥,合肥,安徽省,32.063125,117.252915
南通,NUH,南通,南通,江苏省,32.067332,120.860497
枣阳,ZYN,襄阳,襄阳,湖北省,32.069535,112.760224
万源,WYY,达州,达州,四川省,32.083835,108.042224
南京,NJH,南京,南京,江苏省,32.087104,118.797499
襄州,XWN,襄阳,襄阳,湖北省,32.096723,112.226347
南通西,NXU,南通,南通,江苏省,32.101882,120.76599
潢川,KCN,信阳,信阳,河南省,32.112003,115.10259
丹徒,RUH,镇江,镇江,江苏省,32.117097,119.51842
仙林,XPH,南京,南京,江苏省,32.122882,118.914673
信阳,XUN,信阳,信阳,河南省,32.128616,114.082952
大港南,DNU,镇江,镇江,江苏省,32.133265,119.677998
信阳东,OYN,信阳,信阳,河南省,32.143878,114.15928
宝华山,BWH,镇江,镇江,江苏省,32.149226,119.05556
镇江南,ZEH,镇江,镇江,江苏省,32.15234,119.424503
罗山,LRN,信阳,信阳,河南省,32.166113,114.550284
息县,ENN,信阳,信阳,河南省,32.172441,114.832985
青川,QCE,广元,广元,四川省,32.184909,105.334663
镇江,ZJH,镇江,镇江,江苏省,32.197714,119.432794
滁州,CXH,滁州,滁州,安徽省,32.198782,118.320605
安多,ADO,那曲,那曲,西藏自治区,32.250636,91.66742
巴山,BAY,汉中,汉中,陕西省,32.25562,108.118308
谷城,GCN,襄阳,襄阳,湖北省,32.264211,111.603298
剑门关,JME,广元,广元,四川省,32.280555,105.485596
麻柳,MLY,安康,安康,陕西省,32.297873,108.194499
谷城北,GBN,襄阳,襄阳,湖北省,32.305656,111.630766
滁州北,CUH,滁州,滁州,安徽省,32.308027,118.327853
仪征,UZH,仪征,仪征,江苏省,32.314564,119.148595
镇江关,ZEE,阿坝藏族羌族自治州,阿坝藏族羌族自治州,四川省,32.329573,103.721959
毛坝关,MGY,安康,安康,陕西省,32.34093,108.250631
如皋南,RNU,南通,南通,江苏省,32.345337,120.627833
六合,KLH,南京,南京,江苏省,32.365322,118.847433
如皋,RBH,南通,南通,江苏省,32.383384,120.605584
扬州,YLH,扬州,扬州,江苏省,32.38962,119.350911
桐柏,TBF,南阳,南阳,河南省,32.390243,113.436449
扬州东,YDU,扬州,扬州,江苏省,32.404426,119.52907
高滩,GAY,安康,安康,陕西省,32.43167,108.359364
如东,RIH,南通,南通,江苏省,32.445805,121.177249
广元,GYW,广元,广元,四川省,32.450286,105.821163
丹江口,DON,十堰,十堰,湖北省,32.457751,111.388471
江都,UDH,扬州,扬州,江苏省,32.458652,119.578607
明港,MGN,信阳,信阳,河南省,32.464754,114.049539
水家湖,SQH,合肥,合肥,安徽省,32.483193,117.169449
明港东,MDN,信阳,信阳,河南省,32.486925,114.06482
栟茶,FWH,南通,南通,江苏省,32.498872,120.880701
淮滨,HVN,信阳,信阳,河南省,32.501061,115.412595
紫阳,ZVY,安康,安康,陕西省,32.525213,108.549432
泰州,UTH,泰州,泰州,江苏省,32.528857,119.980546
姜堰,UEH,泰州,泰州,江苏省,32.53352,120.119254
武当山,WRN,十堰,十堰,湖北省,32.537541,110.965892
武当山西,WWN,十堰,十堰,湖北省,32.537592,111.014097
淮南南,HNU,淮南,淮南,安徽省,32.543661,117.041097
海安,HIH,南通,南通,江苏省,32.54694,120.504421
大竹园,DZY,安康,安康,陕西省,32.560179,108.727276
定远,EWH,滁州,滁州,安徽省,32.574282,117.840358
寿县,SOU,淮南,淮南,安徽省,32.593613,116.806519
松潘,SOE,阿坝藏族羌族自治州,阿坝藏族羌族自治州,四川省,32.596334,103.606533
邓州东,DDF,南阳,南阳,河南省,32.596555,112.265711
十堰,SNN,十堰,十堰,湖北省,32.603562,110.781625
淮南,HAH,淮南,淮南,安徽省,32.630722,117.020236
凤台南,FTU,淮南,淮南,安徽省,32.636781,116.622875
朝天南,CTY,广元,广元,四川省,32.637893,105.878723
阜南,FNH,阜阳,阜阳,安徽省,32.638324,115.553994
淮南东,HOH,淮南,淮南,安徽省,32.646206,117.150127
唐河,THF,南阳,南阳,河南省,32.666809,112.851364
颍上北,YBU,阜阳,阜阳,安徽省,32.678682,116.21089
邓州,DOF,南阳,南阳,河南省,32.68376,112.070634
朝天,CTE,广元,广元,四川省,32.705063,106.072478
十堰东,OUN,十堰,十堰,湖北省,32.707413,110.823415
安康,AKY,安康,安康,陕西省,32.712467,109.016276
颍上,YVH,阜阳,阜阳,安徽省,32.739564,116.307584
黄龙九寨,HIE,阿坝藏族羌族自治州,阿坝藏族羌族自治州,四川省,32.745185,103.614567
明光,MGH,滁州,滁州,安徽省,32.770534,117.987933
高邮,GAU,扬州,扬州,江苏省,32.773561,119.505091
确山,QSN,驻马店,驻马店,河南省,32.801707,114.036253
姚渡,AOJ,广元,广元,四川省,32.803516,105.497832
白河东,BIY,安康,安康,陕西省,32.804341,110.114505
宁强南,NOY,汉中,汉中,陕西省,32.822507,106.28938
白河县,BEY,安康,安康,陕西省,32.833659,110.098843
旬阳,XUY,安康,安康,陕西省,32.836432,109.353571
旬阳北,XBY,安康,安康,陕西省,32.84036,109.297519
棕溪,ZOY,安康,安康,陕西省,32.869424,109.562497
东台,DBH,盐城,盐城,江苏省,32.874442,120.344029
汉阴,HQY,安康,安康,陕西省,32.877164,108.506357
阜阳西,FXU,阜阳,阜阳,安徽省,32.883546,115.753685
黄胜关,HGE,阿坝藏族羌族自治州,阿坝藏族羌族自治州,四川省,32.891956,103.528324
蚌埠南,BMH,蚌埠,蚌埠,安徽省,32.901907,117.441448
蜀河,SHY,安康,安康,陕西省,32.905386,109.683053
凤阳,FUH,凤阳,凤阳,安徽省,32.905421,117.628807
阜阳,FYH,阜阳,阜阳,安徽省,32.914512,115.86825
燕子砭,YZY,汉中,汉中,陕西省,32.916473,105.944072
蚌埠,BBH,蚌埠,蚌埠,安徽省,32.943451,117.378285
南阳东,NOF,南阳,南阳,河南省,32.950895,112.661311
阳平关,YAY,汉中,汉中,陕西省,32.96665,106.03735
驻马店,ZDN,驻马店,驻马店,河南省,32.979035,114.042654
西乡,XQY,汉中,汉中,陕西省,32.994297,107.761631
南阳,NFF,南阳,南阳,河南省,32.999335,112.512194
驻马店西,ZLN,驻马店,驻马店,河南省,33.002172,113.979113
高邮北,GEU,扬州,扬州,江苏省,33.002398,119.455852
临泉,LOU,阜阳,阜阳,安徽省,33.021901,115.377062
石泉县,SXY,安康,安康,陕西省,33.028541,108.252176
镇平,ZPF,南阳,南阳,河南省,33.053209,112.224843
宁强,NQY,汉中,汉中,陕西省,33.061563,106.321741
内乡,NXF,南阳,南阳,河南省,33.067788,111.867255
汉中,HOY,汉中,汉中,陕西省,33.090721,107.029962
小河镇,EKY,安康,安康,陕西省,33.111969,109.156904
治江,ZIY,汉中,汉中,陕西省,33.117546,107.20477
城固,CGY,汉中,汉中,陕西省,33.138101,107.322987
遂平,SON,驻马店,驻马店,河南省,33.144403,114.035809
太和东,TDU,阜阳,阜阳,安徽省,33.154868,115.726491
勉县,MVY,汉中,汉中,陕西省,33.170661,106.691258
太和北,JYN,阜阳,阜阳,安徽省,33.181188,115.623845
城固北,CBY,汉中,汉中,陕西省,33.18395,107.305999
盐城大丰,YFU,盐城,盐城,江苏省,33.185323,120.342944
利辛西,XBH,亳州,亳州,安徽省,33.205979,116.128599
宝应,BAU,扬州,扬州,江苏省,33.215516,119.387684
界首南,JKU,阜阳,阜阳,安徽省,33.222992,115.326952
洋县西,YXY,汉中,汉中,陕西省,33.226489,107.523305
方城,FNF,南阳,南阳,河南省,33.238285,112.950301
界首市,JUN,阜阳,阜阳,安徽省,33.267931,115.377837
西峡,XIF,南阳,南阳,河南省,33.271265,111.512309
固镇,GEH,蚌埠,蚌埠,安徽省,33.31756,117.307466
略阳,LYY,汉中,汉中,陕西省,33.330823,106.1462
三堂集,SDH,阜阳,阜阳,安徽省,33.336986,115.820862
沈丘,SQN,周口,周口,河南省,33.361345,115.087491
盐城,AFH,盐城,盐城,江苏省,33.373362,120.184942
陇南,INJ,陇南,陇南,甘肃省,33.374477,104.959783
西平,XPN,驻马店,驻马店,河南省,33.377473,114.039196
项城,ERN,周口,周口,河南省,33.413058,114.89039
沈丘北,SKF,周口,周口,河南省,33.422932,115.10721
南召,NAF,南阳,南阳,河南省,33.439571,112.740716
盐城北,AEH,盐城,盐城,江苏省,33.448742,120.102237
涡阳,GYH,亳州,亳州,安徽省,33.488034,116.23995
佛坪,FUY,汉中,汉中,陕西省,33.500038,107.984045
淮阳南,HVF,周口,周口,河南省,33.503209,114.901614
建湖,AJH,盐城,盐城,江苏省,33.505936,119.79343
古城东,GUU,亳州,亳州,安徽省,33.526644,115.811808
商南,ONY,商洛,商洛,陕西省,33.526757,110.901163
泗县,GPH,宿州,宿州,安徽省,33.536773,117.85045
凤凰古城,FCA,吉首,吉首,安徽省,33.542436,115.797396
淮安东,HAU,淮安,淮安,江苏省,33.568733,119.187787
漯河,LON,漯河,漯河,河南省,33.570245,114.043753
漯河西,LBN,漯河,漯河,河南省,33.572482,113.963964
阜宁南,FNU,盐城,盐城,江苏省,33.572611,119.644
白水江,BSY,汉中,汉中,陕西省,33.573836,106.08191
周口,ZKN,周口,周口,河南省,33.578551,114.665009
淮安南,AMH,淮安,淮安,江苏省,33.590521,119.093279
阜宁,AKH,盐城,盐城,江苏省,33.594223,119.616967
灵璧,GMH,宿州,宿州,安徽省,33.599273,117.540404
泗洪,GQH,宿迁,宿迁,江苏省,33.607036,118.219382
柞水,ZSY,商洛,商洛,陕西省,33.639059,109.146496
宿州,OXH,宿州,宿州,安徽省,33.639267,116.996724
周口东,ZKF,周口,周口,河南省,33.645259,114.745996
淮安,AUH,淮安,淮安,江苏省,33.648538,119.033301
宿州东,SRH,宿州,宿州,安徽省,33.676621,117.251107
丹凤,DGY,商洛,商洛,陕西省,33.679804,110.354317
射阳,SAU,盐城,盐城,江苏省,33.683,120.019886
徽县,HYY,陇南,陇南,甘肃省,33.700458,106.201394
平顶山,PEN,平顶山,平顶山,河南省,33.718648,113.305494
鲁山,LAF,平顶山,平顶山,河南省,33.748222,112.903299
泗阳,MPH,宿迁,宿迁,江苏省,33.75431,118.714056
两当,LDY,陇南,陇南,甘肃省,33.775328,106.310334
涟水,LIU,淮安,淮安,江苏省,33.776254,119.196961
洋河,GTH,宿迁,宿迁,江苏省,33.79088,118.367257
西华,EHF,周口,周口,河南省,33.793175,114.609201
亳州南,BNU,亳州,亳州,安徽省,33.794666,115.798899
阜宁东,FDU,盐城,盐城,江苏省,33.798795,119.938807
临颍,LNF,漯河,漯河,河南省,33.806515,113.92056
商洛,OLY,商洛,商洛,陕西省,33.821949,110.018492
宏庆,HEY,陇南,陇南,甘肃省,33.843104,106.427571
亳州,BZH,亳州,亳州,安徽省,33.847873,115.797419
平顶山西,PDF,平顶山,平顶山,河南省,33.848219,113.069572
宝丰,BFF,平顶山,平顶山,河南省,33.854568,113.04636
商洛北,SBY,商洛,商洛,陕西省,33.867226,109.950178
青龙山,QGH,淮北,淮北,安徽省,33.869945,116.801448
宿迁,SQU,宿迁,宿迁,江苏省,33.87465,118.281874
凤县,FXY,宝鸡,宝鸡,陕西省,33.904937,106.506268
郏县,JXF,平顶山,平顶山,河南省,33.945285,113.270475
睢宁,SNU,徐州,徐州,江苏省,33.952513,117.937048
淮北,HRH,淮北,淮北,安徽省,33.966664,116.8028
凤州,FZY,宝鸡,宝鸡,陕西省,33.969915,106.655009
陈庄,CZY,蒲城,蒲城,江苏省,33.99164,117.735303
扶沟南,FGF,周口,周口,河南省,33.997138,114.386924
许昌,XCF,许昌,许昌,河南省,34.019924,113.821037
砚川,YYY,商洛,商洛,陕西省,34.024468,109.881189
观音机场,GCU,徐州,徐州,江苏省,34.039249,117.563473
芦庙,LMU,亳州,亳州,安徽省,34.040249,115.786706
淮北北,PLH,淮北,淮北,安徽省,34.047108,116.850068
许昌东,XVF,许昌,许昌,河南省,34.04837,113.887263
滨海港,BGU,盐城,盐城,江苏省,34.058318,119.859585
鄢陵,YIF,许昌,许昌,河南省,34.064323,114.140401
鄠邑,KXY,西安,西安,陕西省,34.0795,108.679933
引镇,CAY,西安,西安,陕西省,34.09271,109.102046
灌南,GIU,连云港,连云港,江苏省,34.098451,119.281008
沭阳,FMH,宿迁,宿迁,江苏省,34.111687,118.764235
禹州,YZF,许昌,许昌,河南省,34.124469,113.5708
许昌北,EBF,许昌,许昌,河南省,34.142441,113.930051
汝州,ROF,平顶山,平顶山,河南省,34.168871,112.827831
萧县,EOH,宿州,宿州,安徽省,34.16931,116.958368
响水县,XSU,盐城,盐城,江苏省,34.191909,119.6885
长葛,CEF,许昌,许昌,河南省,34.212763,113.779376
永城北,RGH,商丘,商丘,河南省,34.215418,116.519906
哈达铺,HDJ,陇南,陇南,甘肃省,34.220148,104.234347
长葛北,CGF,许昌,许昌,河南省,34.221533,113.789673
秦岭,QLY,宝鸡,宝鸡,陕西省,34.232933,106.904616
萧县北,QSH,宿州,宿州,安徽省,34.236182,116.941713
杨陵南,YEY,咸阳,咸阳,陕西省,34.254013,108.053102
武功,WGY,咸阳,咸阳,陕西省,34.257937,108.204937
徐州,XCH,徐州,徐州,江苏省,34.264963,117.207223
徐州东,UUH,徐州,徐州,江苏省,34.267953,117.306034
杨陵,YSY,咸阳,咸阳,陕西省,34.269023,108.078259
西安西,EGY,西安,西安,陕西省,34.269633,108.756595
眉县东,CXY,宝鸡,宝鸡,陕西省,34.270493,107.842032
绛帐,JZY,宝鸡,宝鸡,陕西省,34.272252,107.958288
岐山,QAY,宝鸡,宝鸡,陕西省,34.274354,107.612859
西安,XAY,西安,西安,陕西省,34.278498,108.962723
灌云,GOU,连云港,连云港,江苏省,34.288056,119.308606
兴平,XPY,咸阳,咸阳,陕西省,34.288861,108.489069
汝阳,RYF,洛阳,洛阳,河南省,34.30588,112.561188
邳州,PJH,徐州,徐州,江苏省,34.317331,117.958984
蔡家坡,CJY,宝鸡,宝鸡,陕西省,34.320734,107.597677
邳州东,PIU,徐州,徐州,江苏省,34.323196,118.013662
新沂南,XYU,徐州,徐州,江苏省,34.329009,118.331285
商丘东,SIF,商丘,商丘,河南省,34.330714,115.734418
咸阳西,XOY,咸阳,咸阳,陕西省,34.3309,108.667193
宝鸡南,BBY,宝鸡,宝鸡,陕西省,34.334906,107.232455
咸阳,XYY,咸阳,咸阳,陕西省,34.344354,108.734386
黄口,KOH,宿州,宿州,安徽省,34.359599,116.697917
虢镇,GZY,宝鸡,宝鸡,陕西省,34.363215,107.363772
卧龙寺,WLY,宝鸡,宝鸡,陕西省,34.363318,107.26328
西安北,EAY,西安,西安,陕西省,34.371827,108.9424
宝鸡,BJY,宝鸡,宝鸡,陕西省,34.3725,107.152717
新沂,VIH,徐州,徐州,江苏省,34.380085,118.348914
砀山南,PRH,宿州,宿州,安徽省,34.38652,116.303635
临潼,LIY,西安,西安,陕西省,34.388372,109.212284
千河,QUY,宝鸡,宝鸡,陕西省,34.39117,107.303755
岷县,MXJ,定西,定西,甘肃省,34.391499,104.070048
虞城县,IXH,商丘,商丘,河南省,34.407024,115.864522
商丘南,SPF,商丘,商丘,河南省,34.408252,115.704239
夏邑县,EJH,商丘,商丘,河南省,34.410724,116.030905
砀山,DKH,宿州,宿州,安徽省,34.416566,116.330589
咸阳北,EBY,咸阳,咸阳,陕西省,34.418855,108.674124
礼泉,LGY,咸阳,咸阳,陕西省,34.431469,108.419048
东岔,DCJ,天水,天水,甘肃省,34.441835,106.539146
商丘,SQF,商丘,商丘,河南省,34.44579,115.657944
礼泉南,UNY,咸阳,咸阳,陕西省,34.461978,108.408136
渭南西,WXY,渭南,渭南,陕西省,34.478731,109.441224
渭南,WNY,渭南,渭南,陕西省,34.484132,109.493139
郑州航空港,ZIF,郑州,郑州,河南省,34.486036,113.932772
华州,HXY,渭南,渭南,陕西省,34.494936,109.762264
乾县,QBY,咸阳,咸阳,陕西省,34.506414,108.27859
灵宝,LBF,三门峡,三门峡,河南省,34.510347,110.897103
东海县,DQH,连云港,连云港,江苏省,34.515565,118.768963
渭南南,WVY,渭南,渭南,陕西省,34.520632,109.470962
华山,HGY,华阴,华阴,陕西省,34.521465,110.066407
新郑机场,EZF,郑州,郑州,河南省,34.52529,113.854665
永乐店,YDY,西安,西安,陕西省,34.534652,108.947605
潼关,TGY,渭南,渭南,陕西省,34.535756,110.247862
渭南北,WBY,渭南,渭南,陕西省,34.535806,109.480997
天水南,TIJ,天水,天水,甘肃省,34.549777,105.85647
孟塬,HSY,渭南,渭南,陕西省,34.555014,110.139872
天水,TSJ,天水,天水,甘肃省,34.565844,105.899867
宁陵县,NLF,商丘,商丘,河南省,34.574525,115.317539
灵宝西,LPF,三门峡,三门峡,河南省,34.577827,110.688869
华山北,HDY,华阴,华阴,陕西省,34.582716,110.098431
孟庄,MZF,郑州,郑州,河南省,34.587021,113.836675
洛阳龙门,LLF,洛阳,洛阳,河南省,34.593318,112.458781
郯城,TZK,临沂,临沂,山东省,34.602302,118.376495
三原,SAY,咸阳,咸阳,陕西省,34.605069,108.9477
连云港,UIH,连云港,连云港,江苏省,34.609024,119.162746
南河川,NHJ,天水,天水,甘肃省,34.622836,105.766361
风陵渡,FLV,运城,运城,山西省,34.631547,110.310623
关林,GLF,洛阳,洛阳,河南省,34.634101,112.513029
千阳,QOY,宝鸡,宝鸡,陕西省,34.635206,107.1158
民权,MQF,商丘,商丘,河南省,34.644858,115.140842
民权北,MIF,商丘,商丘,河南省,34.659929,115.180499
三阳川,SYJ,天水,天水,甘肃省,34.664524,105.70892
阎良,YNY,西安,西安,陕西省,34.668207,109.228675
巩义南,GYF,郑州,郑州,河南省,34.67076,112.916396
南曹,NEF,郑州,郑州,河南省,34.678477,113.791105
渑池南,MNF,三门峡,三门峡,河南省,34.685141,111.774387
洛阳,LYF,洛阳,洛阳,河南省,34.685924,112.436284
渭南镇,WNJ,天水,天水,甘肃省,34.688574,105.636521
三门峡西,SXF,三门峡,三门峡,河南省,34.689395,111.08091
永寿西,AUY,咸阳,咸阳,陕西省,34.695516,108.118081
洛阳东,LDF,洛阳,洛阳,河南省,34.696896,112.485931
新阳镇,XZJ,天水,天水,甘肃省,34.701412,105.535404
永寿,ASY,咸阳,咸阳,陕西省,34.705961,108.151309
中牟,ZGF,郑州,郑州,河南省,34.708925,114.032459
漳县,ZXJ,定西,定西,甘肃省,34.715314,104.157706
连云港东,UKH,连云港,连云港,江苏省,34.717862,119.340951
新安县,XAF,洛阳,洛阳,河南省,34.718582,112.154206
武山,WSJ,天水,天水,甘肃省,34.721021,104.919807
义马,YMF,三门峡,三门峡,河南省,34.721156,111.912338
偃师,YSF,洛阳,洛阳,河南省,34.728628,112.794555
富平,FPY,富平,富平,陕西省,34.743924,109.173947
郑州西,XPF,郑州,郑州,河南省,34.744948,113.425242
郑州,ZZF,郑州,郑州,河南省,34.745795,113.658097
郑州东,ZAF,郑州,郑州,河南省,34.748107,113.766353
清水县,QIJ,天水,天水,甘肃省,34.751287,106.106796
洛门,LMJ,天水,天水,甘肃省,34.752703,105.023699
渑池,MCF,三门峡,三门峡,河南省,34.752886,111.786528
三门峡南,SCF,三门峡,三门峡,河南省,34.753382,111.155688
贺家店,HJJ,天水,天水,甘肃省,34.754097,104.834481
巩义,GXF,郑州,郑州,河南省,34.759586,112.981103
磐安镇,PAJ,天水,天水,甘肃省,34.7599,105.122072
三门峡,SMF,三门峡,三门峡,河南省,34.760323,111.233947
甘谷,GGJ,天水,天水,甘肃省,34.763148,105.332467
张桥,ZQY,渭南,渭南,陕西省,34.771359,109.400896
开封,KFF,开封,开封,河南省,34.771825,114.354787
兰考南,LUF,开封,开封,河南省,34.772036,114.824252
贾鲁河,JLF,郑州,郑州,河南省,34.774696,113.86951
绿博园,LCF,郑州,郑州,河南省,34.78024,113.933762
枣庄,ZEK,枣庄,枣庄,山东省,34.780845,117.305928
宋城路,SFF,开封,开封,河南省,34.784698,114.28366
枣庄西,ZFK,枣庄,枣庄,山东省,34.792135,117.254593
鸳鸯镇,YYJ,天水,天水,甘肃省,34.799169,104.781792
运粮河,YEF,开封,开封,河南省,34.801765,114.193092
兰考,LKF,开封,开封,河南省,34.814411,114.819185
南阳寨,NYF,郑州,郑州,河南省,34.814723,113.616978
钟家村,ZJY,渭南,渭南,陕西省,34.822127,109.469424
庄里,ZLY,富平,富平,陕西省,34.822701,109.072498
曹县,CXK,菏泽,菏泽,山东省,34.825975,115.581634
大荔,DNY,渭南,渭南,陕西省,34.834073,109.926368
开封北,KBF,开封,开封,河南省,34.839203,114.261641
秦安,QGJ,天水,天水,甘肃省,34.846059,105.659204
枣庄东,ZNK,枣庄,枣庄,山东省,34.86684,117.548579
永济,YIV,运城,运城,山西省,34.869937,110.453862
陇县,LXY,宝鸡,宝鸡,陕西省,34.870996,106.850642
赣榆,GYU,连云港,连云港,江苏省,34.878446,119.112043
蒲石,PSY,蒲城,蒲城,陕西省,34.886606,109.711894
兰陵北,COK,临沂,临沂,山东省,34.895755,118.012374
耀州,YOY,铜川,铜川,陕西省,34.908944,108.990069
黄河景区,HCF,郑州,郑州,河南省,34.931338,113.533044
蒲城,PCY,渭南,渭南,陕西省,34.934579,109.559003
陇西,LXJ,定西,定西,甘肃省,34.951985,104.705744
张家川,ZIJ,天水,天水,甘肃省,34.966471,106.342274
韦庄,WZY,渭南,渭南,陕西省,34.970219,109.936213
孙镇,OZY,渭南,渭南,陕西省,34.976852,109.766018
蒲城东,PEY,渭南,渭南,陕西省,34.988606,109.610171
运城,YNV,运城,运城,山西省,35.025879,110.990481
永济北,AJV,运城,运城,山西省,35.027432,110.424812
庄寨,VOK,菏泽,菏泽,山东省,35.03197,115.192944
焦作东,WEF,焦作,焦作,河南省,35.034289,113.590639
彬州东,BFY,咸阳,咸阳,陕西省,35.034942,108.125144
临沂,LVK,临沂,临沂,山东省,35.03683,118.34253
新乡南,ENF,新乡,新乡,河南省,35.042343,113.857911
彬州,BXY,咸阳,咸阳,陕西省,35.045469,108.105518
定陶,DQK,菏泽,菏泽,山东省,35.0648,115.595613
铜川东,TCY,铜川,铜川,陕西省,35.078509,109.095204
滕州,TXK,枣庄,枣庄,山东省,35.080591,117.153936
武陟,WIF,焦作,焦作,河南省,35.088476,113.452057
滕州东,TEK,枣庄,枣庄,山东省,35.089985,117.256388
渭源,WEJ,定西,定西,甘肃省,35.096624,104.227589
运城北,ABV,运城,运城,山西省,35.09897,110.985035
济源,JYF,济源,济源,河南省,35.110049,112.573897
临沂东,UYK,临沂,临沂,山东省,35.117059,118.442976
坪上,PSK,临沂,临沂,山东省,35.178737,119.070204
莒南,JOK,临沂,临沂,山东省,35.183536,118.847674
菏泽东,KDK,菏泽,菏泽,山东省,35.18398,115.56321
岚山西,UWK,日照,日照,山东省,35.187239,119.277662
合阳,HAY,渭南,渭南,陕西省,35.194654,110.090868
临沂北,UMK,临沂,临沂,山东省,35.195382,118.380701
通渭,TWJ,定西,定西,甘肃省,35.195771,105.26261
通安驿,TAJ,定西,定西,甘肃省,35.199435,104.7237862
沁阳,QYF,焦作,焦作,河南省,35.199842,112.949767
焦作西,JIF,焦作,焦作,河南省,35.208354,113.062837
月山,YBF,焦作,焦作,河南省,35.209973,113.055261
修武西,EXF,焦作,焦作,河南省,35.210715,113.424881
长垣,CYF,新乡,新乡,河南省,35.210943,114.659749
焦作,JOF,焦作,焦作,河南省,35.221914,113.235221
菏泽,HIK,菏泽,菏泽,山东省,35.230899,115.506389
安口窑,AYY,宝鸡,平凉,甘肃省,35.2362509,106.8043076
修武,XWF,焦作,焦作,河南省,35.242817,113.439135
获嘉,HJF,新乡,新乡,河南省,35.256579,113.649637
东明县,DNF,菏泽,菏泽,山东省,35.268372,115.092806
长武,CWY,咸阳,咸阳,陕西省,35.271971,107.822245
莒南北,VNK,临沂,临沂,山东省,35.272297,118.797249
费县,FXK,临沂,临沂,山东省,35.278162,117.978746
厉家寨,UPK,临沂,临沂,山东省,35.283039,119.13212
澄城,CUY,渭南,渭南,陕西省,35.286731,109.936356
合阳北,HTY,渭南,渭南,陕西省,35.288883,110.091211
新乡,XXF,新乡,新乡,河南省,35.306558,113.859614
长庆桥,CQJ,庆阳,庆阳,甘肃省,35.314002,107.753146
新乡东,EGF,新乡,新乡,河南省,35.314281,113.979042
费县北,FBK,临沂,临沂,山东省,35.31824,117.935494
闻喜西,WOV,运城,运城,山西省,35.336251,111.180278
泾川,JAJ,平凉,平凉,甘肃省,35.34818,107.366146
白水县,BGY,渭南,渭南,陕西省,35.352842,109.703981
闻喜,WXV,运城,运城,山西省,35.356217,111.216613
巨野,JYK,菏泽,菏泽,山东省,35.378834,116.088271
日照西,KZK,日照,日照,山东省,35.389615,119.422046
卫辉南,WVF,新乡,新乡,河南省,35.39007,114.079863
嘉祥,JUK,济宁,济宁,山东省,35.392192,116.356222
济宁,JIK,济宁,济宁,山东省,35.392521,116.600756
邹城,ZIK,济宁,济宁,山东省,35.400895,116.957954
日照,RZK,日照,日照,山东省,35.404231,119.532346
鄄城,JCK,菏泽,菏泽,山东省,35.422528,115.670546
东镇,DNV,运城,运城,山西省,35.425976,111.310901
卫辉,WHF,新乡,新乡,河南省,35.432859,114.062602
庙庄,MZJ,平凉,平凉,甘肃省,35.434317,106.842325
巨野北,MYK,菏泽,菏泽,山东省,35.445904,116.074482
蒙山,MOK,临沂,临沂,山东省,35.449514,117.674164
嘉祥北,MXK,济宁,济宁,山东省,35.470771,116.369481
晋城,JCF,晋城,晋城,山西省,35.475763,112.873435
宁县,AXJ,庆阳,庆阳,甘肃省,35.483872,107.944771
平凉南,POJ,平凉,平凉,甘肃省,35.484225,106.825603
韩城,HCY,渭南,渭南,陕西省,35.484623,110.441705
沂南,YNK,临沂,临沂,山东省,35.4878,118.619273
阳城,YNF,晋城,晋城,山西省,35.49283,112.492824
晋城北,JEF,晋城,晋城,山西省,35.510476,112.904873
曲阜南,QQK,济宁,济宁,山东省,35.511082,117.023999
李家坪,LIJ,定西,定西,甘肃省,35.512276,104.744968
平邑,PIK,临沂,临沂,山东省,35.516621,117.643876
济宁北,MIK,济宁,济宁,山东省,35.522933,116.61369
济宁东,MNK,济宁,济宁,山东省,35.524873,116.756781
晋城东,JGF,晋城,晋城,山西省,35.534277,112.983555
泗水南,ONK,济宁,济宁,山东省,35.535741,117.282011
平凉,PIJ,平凉,平凉,甘肃省,35.550622,106.70794
曲阜东,QAK,济宁,济宁,山东省,35.553849,117.069322
兖州,YZK,济宁,济宁,山东省,35.556354,116.841137
黄陵南,VLY,延安,延安,陕西省,35.580552,109.389934
曲阜,QFK,济宁,济宁,山东省,35.583341,117.029954
嘉峰,JFF,晋城,晋城,山西省,35.586597,112.52244
河津,HJV,运城,运城,山西省,35.587404,110.725804
定西,DSJ,定西,定西,甘肃省,35.592511,104.625284
侯马西,HPV,临汾,临汾,山西省,35.601526,111.289142
郓城,YPK,菏泽,菏泽,山东省,35.601623,115.9015
新李,XLJ,平凉,平凉,甘肃省,35.602659,106.59443
定西北,DNJ,定西,定西,甘肃省,35.606414,104.586564
新绛,XJV,运城,运城,山西省,35.610246,111.210006
稷山,JVV,运城,运城,山西省,35.612392,110.995611
侯马,HMV,临汾,临汾,山西省,35.613232,111.358508
滑浚,HWF,安阳,安阳,河南省,35.617418,114.552005
黄陵,KLY,延安,延安,陕西省,35.618879,109.356264
泗水,OSK,济宁,济宁,山东省,35.636183,117.261448
沂水,YUK,临沂,临沂,山东省,35.643566,118.727674
莒县,JKK,日照,日照,山东省,35.651519,118.840128
三关口,OKJ,固原,固原,宁夏回族自治区,35.664773,106.396711
内黄,NUF,安阳,安阳,河南省,35.673587,114.863281
董家口,DTK,青岛,青岛,山东省,35.675751,119.714675
庆阳,QOJ,庆阳,庆阳,甘肃省,35.694424,107.62775
六盘山,UPJ,固原,固原,宁夏回族自治区,35.706353,106.2925
鹤壁东,HFF,鹤壁,鹤壁,河南省,35.706551,114.299056
高平东,GVF,晋城,晋城,山西省,35.733501,112.964253
濮阳,PYF,濮阳,濮阳,河南省,35.741318,115.023284
鹤壁,HAF,鹤壁,鹤壁,河南省,35.760104,114.27414
濮阳东,PUF,濮阳,濮阳,河南省,35.765329,115.14952
甘草店,GDJ,兰州,兰州,甘肃省,35.794065,104.290711
高平,GPF,晋城,晋城,山西省,35.80093,112.918652
五莲,WLK,日照,日照,山东省,35.804955,119.207063
彭阳,PYJ,固原,固原,宁夏回族自治区,35.811856,106.28751
梁山,LMK,济宁,济宁,山东省,35.818522,115.937029
洛川东,,延安,延安,陕西省,35.818844,109.354849
襄汾西,XTV,临汾,临汾,山西省,35.838207,111.337225
王家湾,WJJ,兰州,兰州,甘肃省,35.843121,104.25562
榆中,IZJ,兰州,兰州,甘肃省,35.850909,104.171629
西阳村,XQF,晋城,晋城,山西省,35.873919,112.874305
襄汾,XFV,临汾,临汾,山西省,35.880184,111.442258
青岛西,QUK,青岛,青岛,山东省,35.901455,119.956267
磁窑,CYK,泰安,泰安,山东省,35.902713,117.106999
许家台,XTJ,兰州,兰州,甘肃省,35.906389,104.208637
汤阴,TYF,安阳,安阳,河南省,35.914661,114.3461
夏官营,XGJ,兰州,兰州,甘肃省,35.952921,104.179462
台前,TTK,濮阳,濮阳,河南省,35.963932,115.863584
富县,FEY,延安,延安,陕西省,36.008759,109.389574
南乐,NWF,濮阳,濮阳,河南省,36.013294,115.412615
富县东,FDY,延安,延安,陕西省,36.021115,109.398281
固原,GUJ,固原,固原,宁夏回族自治区,36.02125,106.305682
骆驼巷,LTJ,兰州,兰州,甘肃省,36.026345,104.049026
兰州东,LVJ,兰州,兰州,甘肃省,36.02963,103.892496
兰州,LZJ,兰州,兰州,甘肃省,36.034476,103.850337
桑园子,SAJ,兰州,兰州,甘肃省,36.054729,103.976509
诸城,ZQK,潍坊,潍坊,山东省,36.062921,119.38931
青岛,QDK,青岛,青岛,山东省,36.064831,120.312724
兰州西,LAJ,兰州,兰州,甘肃省,36.068819,103.752106
钢城,GAK,济南,济南,山东省,36.070783,117.883581
浮山,FOV,临汾,临汾,山西省,36.071526,111.845425
庆城,QHJ,庆阳,庆阳,甘肃省,36.076904,107.789416
安阳东,ADF,安阳,安阳,河南省,36.084174,114.453482
陈官营,CAJ,兰州,兰州,甘肃省,36.08666,103.660381
临汾,LFV,临汾,临汾,山西省,36.088563,111.537207
长治南,CAF,长治,长治,山西省,36.093107,113.106322
福利区,FLJ,兰州,兰州,甘肃省,36.094672,103.631428
沈家河,OJJ,固原,固原,宁夏回族自治区,36.098284,106.283623
临汾西,LXV,临汾,临汾,山西省,36.101166,111.466741
阳谷,YIK,聊城,聊城,山东省,36.101623,115.808979
西固,XIJ,兰州,兰州,甘肃省,36.103367,103.605901
安阳,AYF,安阳,安阳,河南省,36.104405,114.339743
西固城,XUJ,兰州,兰州,甘肃省,36.109189,103.595752
水源,OYJ,兰州,兰州,甘肃省,36.124458,103.878874
坡底下,PXJ,兰州,兰州,甘肃省,36.136932,103.514972
河口南,HKJ,兰州,兰州,甘肃省,36.163469,103.458075
青岛北,QHK,青岛,青岛,山东省,36.168923,120.374402
上高镇,SVK,泰安,泰安,山东省,36.176251,117.176417
红旗渠,HQF,安阳,安阳,河南省,36.179463,113.84597
安泽,AEV,临汾,临汾,山西省,36.182334,112.237117
二营,RYJ,固原,固原,宁夏回族自治区,36.183975,106.248199
邵家堂,SJJ,兰州,兰州,甘肃省,36.185781,103.866932
泰山,TAK,泰安,泰安,山东省,36.187142,117.109955
长治,CZF,长治,长治,山西省,36.188322,113.070226
燕家庄,AZK,泰安,泰安,山东省,36.194256,117.277448
莘县,SNK,聊城,聊城,山东省,36.207138,115.686419
莱芜西,UXK,莱芜,莱芜,山东省,36.214895,117.675828
范镇,VZK,泰安,泰安,山东省,36.218878,117.399107
长治东,CUF,长治,长治,山西省,36.229623,113.163628
莱芜东,LWK,济南,济南,山东省,36.230017,117.694284
司家岭,OLK,淄博,济南,山东省,36.232469,117.46857
蔺家楼,ULK,济南,济南,山东省,36.245846,117.568701
红岛,HQK,青岛,青岛,山东省,36.247186,120.19192
洪洞西,HTV,临汾,临汾,山西省,36.253447,111.581472
甘泉,GQY,延安,延安,陕西省,36.258059,109.353183
洪洞,HDV,临汾,临汾,山西省,36.261884,111.671043
洪洞北,HLV,临汾,临汾,山西省,36.273312,111.732099
甘泉北,GEY,延安,延安,陕西省,36.27839,109.346535
莱芜北,VIK,济南,济南,山东省,36.281581,117.706057
三营,OEJ,固原,固原,宁夏回族自治区,36.290684,106.148898
胶州,JXK,青岛,青岛,山东省,36.298628,119.998481
城阳,CEK,青岛,青岛,山东省,36.299725,120.364918
民和南,MNO,海东,海东,青海省,36.305827,102.850026
长治北,CBF,长治,长治,山西省,36.307892,113.125788
曲子,QJJ,庆阳,庆阳,甘肃省,36.31971,107.494221
潞城,UTP,长治,长治,山西省,36.320754,113.221896
常庄,CVK,济南,济南,山东省,36.323396,117.889785
微子镇,WQP,长治,长治,山西省,36.324698,113.293166
皋兰,GEJ,兰州,兰州,甘肃省,36.337361,103.942954
海石湾,HSO,兰州,兰州,甘肃省,36.341068,102.864153
南博山,NBK,淄博,淄博,山东省,36.357177,117.960528
青岛机场,QJK,青岛,青岛,山东省,36.359308,120.095348
磁县,CIP,邯郸,邯郸,河北省,36.360289,114.372229
蒲县,PXV,临汾,临汾,山西省,36.370076,111.179628
赵城,ZCV,临汾,临汾,山西省,36.380519,111.699997
格尔木,GRO,格尔木,格尔木,青海省,36.382567,94.907016
高密,GMK,潍坊,潍坊,山东省,36.392968,119.767979
蓝村,LCK,青岛,青岛,山东省,36.394914,120.183328
胶州北,JZK,青岛,青岛,山东省,36.396033,120.055737
即墨北,JVK,青岛,青岛,山东省,36.404187,120.393947
源迁,AQK,淄博,淄博,山东省,36.418162,118.027282
聊城西,VXK,聊城,聊城,山东省,36.432374,115.883227
聊城,UCK,聊城,聊城,山东省,36.45745,115.943992
丰水村,FSJ,兰州,兰州,甘肃省,36.459723,103.985744
雪野,XYK,济南,济南,山东省,36.460488,117.58896
水洋,OYP,长治,长治,山西省,36.465717,113.340758
海东,LVO,海东,海东,青海省,36.46739,102.391235
兰州新区,LQJ,兰州,兰州,甘肃省,36.469196,103.618915
秦王川,QWJ,兰州,兰州,甘肃省,36.470793,103.768649
乐都,LDO,海东,海东,青海省,36.477415,102.432909
白银南,BVJ,白银,白银,甘肃省,36.479776,104.181956
龙泉寺,UQJ,兰州,兰州,甘肃省,36.482522,103.388671
朱家窑,ZUJ,兰州,兰州,甘肃省,36.496564,103.998819
广平,GPP,邯郸,邯郸,河北省,36.496642,114.940267
冠县,GHP,聊城,聊城,山东省,36.499448,115.444794
平安驿,PNO,海东,海东,青海省,36.500166,102.108538
七营,QYJ,固原,固原,宁夏回族自治区,36.5017084,106.1400983
中川机场,,兰州,兰州,甘肃省,36.504229,103.616058
襄垣,EIF,长治,长治,山西省,36.506143,113.035547
海东西,HDO,海东,海东,青海省,36.509222,102.054508
高密北,GVK,潍坊,潍坊,山东省,36.513437,119.786532
黎城,UCP,长治,长治,山西省,36.515285,113.392319
环县,KXJ,庆阳,庆阳,甘肃省,36.516335,107.375968
茌平南,CPK,聊城,聊城,山东省,36.528514,116.233551
襄垣东,EAF,长治,长治,山西省,36.534359,113.082495
白银西,BXJ,白银,白银,甘肃省,36.550146,104.099086
靖远,JYJ,白银,白银,甘肃省,36.552022,104.673817
延安,YWY,延安,延安,陕西省,36.557023,109.481123
白银市,BNJ,白银,白银,甘肃省,36.558417,104.170063
靖远西,JXJ,白银,白银,甘肃省,36.560207,104.652972
霍州东,HWV,临汾,临汾,山西省,36.564754,111.836818
长清,CNK,济南,济南,山东省,36.565285,116.732369
涉县,OEP,邯郸,邯郸,河北省,36.577408,113.668528
章丘南,VQK,济南,济南,山东省,36.584851,117.474215
霍州,HZV,临汾,临汾,山西省,36.586171,111.71971
磁山,CSP,邯郸,邯郸,河北省,36.59765,114.117582
邯郸,HDP,邯郸,邯郸,河北省,36.601362,114.475525
井店,JFP,邯郸,邯郸,河北省,36.605234,113.722334
韩府湾,HXJ,中卫,中卫,宁夏回族自治区,36.60722,106.129135
红砂岘,VSJ,白银,白银,甘肃省,36.608347,104.06422
靖远北,JOJ,白银,白银,甘肃省,36.608503,104.66408
茌平,CHK,聊城,聊城,山东省,36.612385,116.243099
徘徊北,PHP,邯郸,邯郸,河北省,36.618359,114.042355
邯郸东,HPP,邯郸,邯郸,河北省,36.619656,114.559202
西宁,XNO,西宁,西宁,青海省,36.620233,101.814362
黑旺,HWK,淄博,淄博,山东省,36.624186,118.202061
大坝,DBJ,青铜峡,青铜峡,甘肃省,36.625631,104.723747
偏店,PRP,邯郸,邯郸,河北省,36.646704,113.754233
隰县,EAV,临汾,临汾,山西省,36.650362,110.927133
东湾,DRJ,白银,白银,甘肃省,36.651338,104.745552
夏格庄,XZK,青岛,青岛,山东省,36.652047,120.445946
午汲,WJP,邯郸,邯郸,河北省,36.652299,114.154772
吴家川,WCJ,白银,白银,甘肃省,36.656686,104.534503
康城,KCP,邯郸,邯郸,河北省,36.656853,114.291741
悬钟,XRP,邯郸,邯郸,河北省,36.660051,113.577327
历城,VHK,济南,济南,山东省,36.666343,117.207035
济南西,JGK,济南,济南,山东省,36.668917,116.891354
济南,JNK,济南,济南,山东省,36.67149,116.99058
武安,WAP,邯郸,邯郸,河北省,36.676492,114.211711
大明湖,JAK,济南,济南,山东省,36.680867,117.029064
湟源,HNO,西宁,西宁,青海省,36.684429,101.241841
什里店,OMP,邯郸,邯郸,河北省,36.689624,113.942827
东戌,RXP,邯郸,邯郸,河北省,36.694792,113.820363
潍坊,WFK,潍坊,潍坊,山东省,36.696465,119.097868
李旺,VLJ,中卫,中卫,宁夏回族自治区,36.700454,106.080011
昌乐,CLK,潍坊,潍坊,山东省,36.71079,118.838885
海阳,KYK,烟台,烟台,山东省,36.717131,121.181066
永登,YDJ,兰州,兰州,甘肃省,36.720202,103.273487
莱阳南,VEK,烟台,烟台,山东省,36.720713,120.750912
章丘,ZTK,济南,济南,山东省,36.722663,117.499175
永登北,ABJ,兰州,兰州,甘肃省,36.723159,103.245501
长征,CZJ,白银,白银,甘肃省,36.72327,104.848064
豆庄,ROP,邯郸,邯郸,河北省,36.729339,113.846663
阳邑,ARP,邯郸,邯郸,河北省,36.738116,113.902686
南仇,NCK,淄博,淄博,山东省,36.747369,118.254673
济南东,MDK,济南,济南,山东省,36.747892,117.159918
沁县,QVV,长治,长治,山西省,36.758712,112.705243
平川西,PCJ,白银,白银,甘肃省,36.760118,104.729018
平度西,PAK,青岛,青岛,山东省,36.762024,119.884702
茶卡,CVO,海西州,海西州,青海省,36.764145,99.078899
青州市,QZK,潍坊,潍坊,山东省,36.770818,118.503477
淄博,ZBK,淄博,淄博,山东省,36.786688,118.056401
潍坊北,WJK,潍坊,潍坊,山东省,36.793951,119.19566
昌邑,CRK,潍坊,潍坊,山东省,36.796562,119.462962
邹平,ZLK,滨州,滨州,山东省,36.796958,117.742712
土桥子,TQJ,中卫,中卫,宁夏回族自治区,36.797289,106.028004
章丘北,ZVK,济南,济南,山东省,36.801665,117.486578
红岘台,HTJ,白银,白银,甘肃省,36.802798,104.097358
晏城,YEK,德州,德州,山东省,36.80401,116.758411
平度,PNK,青岛,青岛,山东省,36.806514,119.977786
莱西南,LXK,青岛,青岛,山东省,36.808154,120.516574
于田,YWR,和田,和田,新疆维吾尔自治区,36.811821,81.647903
莱西,LBK,青岛,青岛,山东省,36.823897,120.529797
青州市北,QOK,潍坊,潍坊,山东省,36.830138,118.578157
临清,UQK,聊城,聊城,山东省,36.842304,115.737
齐河,QIK,德州,德州,山东省,36.84296,116.86202
武乡,WUV,长治,长治,山西省,36.84966,112.7984
武乡东,WVV,长治,长治,山西省,36.85613,112.853614
灵石,LSV,晋中,晋中,山西省,36.86059,111.771488
沙河市,VOP,邢台,邢台,河北省,36.861194,114.497669
海晏,HFO,海北州,海北州,青海省,36.867259,100.99523
乳山南,REK,威海,威海,山东省,36.87566,121.557723
灵石东,UDV,晋中,晋中,山西省,36.879707,111.91545
玉泉镇,YFR,和田,和田,新疆维吾尔自治区,36.890062,81.302452
淄博北,ZRK,淄博,淄博,山东省,36.895439,118.026388
王团庄,WZJ,吴忠,吴忠,宁夏回族自治区,36.901603,105.984996
临淄北,UEK,淄博,淄博,山东省,36.905269,118.34065
禹城,YCK,德州,德州,山东省,36.92426,116.633657
临西,UEP,邢台,邢台,河北省,36.927806,115.714023
莱阳,LYK,烟台,烟台,山东省,36.928124,120.709129
桓台,VTK,淄博,淄博,山东省,36.946805,118.123865
乌兰,WIO,海西州,海西州,青海省,36.954089,98.468127
大通西,DTO,西宁,西宁,青海省,36.965898,101.673433
石楼县,STV,吕梁,吕梁,山西省,36.968915,110.803163
策勒,CLR,和田,和田,新疆维吾尔自治区,36.973225,80.834195
灰埠,KBK,青岛,青岛,山东省,36.976678,119.671976
天祝,TZJ,武威,武威,甘肃省,36.981305,103.136747
同心,TXJ,吴忠,吴忠,宁夏回族自治区,36.993889,105.926024
乳山,ROK,威海,威海,山东省,36.9973,121.506776
天祝西,TRJ,武威,武威,甘肃省,36.99968,103.116028
威海南海,WRK,威海,威海,山东省,37.015142,121.914197
介休,JXV,晋中,晋中,山西省,37.018445,111.918849
民丰,MFR,和田,和田,新疆维吾尔自治区,37.018641,82.725015
榆社,YSV,晋中,晋中,山西省,37.051911,112.96954
北滩,BEJ,白银,白银,甘肃省,37.053504,104.869563
介休东,JDV,晋中,晋中,山西省,37.058569,111.970512
清河城,QYP,邢台,邢台,河北省,37.063643,115.686466
禹城东,YSK,德州,德州,山东省,37.063648,116.691641
石坝,OBJ,吴忠,吴忠,宁夏回族自治区,37.067673,105.847685
海阳北,HEK,烟台,烟台,山东省,37.069049,120.960472
邢台,XTP,邢台,邢台,河北省,37.070451,114.49229
洛浦,LVR,和田,和田,新疆维吾尔自治区,37.070677,80.215066
阳泉曲,YYV,吕梁,吕梁,山西省,37.074188,111.553109
徐家店,HYK,烟台,烟台,山东省,37.080114,120.997316
文登南,WWK,威海,威海,山东省,37.0828,122.095011
打柴沟,DGJ,武威,武威,甘肃省,37.089597,102.999285
兑镇,DWV,吕梁,吕梁,山西省,37.090113,111.610378
邢台东,EDP,邢台,邢台,河北省,37.092149,114.593291
孝南,XNV,吕梁,吕梁,山西省,37.10215,111.824622
兴泉堡,XQJ,白银,白银,甘肃省,37.114805,104.007641
榆社西,AXV,晋中,晋中,山西省,37.115172,112.79472
张兰,ZLV,晋中,晋中,山西省,37.134769,112.072418
博兴,BXK,滨州,滨州,山东省,37.136056,118.142688
甜水堡,TUJ,庆阳,庆阳,甘肃省,37.136519,106.813594
孝西,XOV,吕梁,吕梁,山西省,37.139002,111.774879
白壁关,BGV,吕梁,吕梁,山西省,37.143252,111.721729
荣成,RCK,威海,威海,山东省,37.14527,122.407961
子长,ZHY,延安,延安,陕西省,37.152975,109.74759
平遥古城,PDV,晋中,晋中,山西省,37.156298,112.150334
和田,VTR,和田,和田,新疆维吾尔自治区,37.15774,79.90688
艾家村,AJJ,吴忠,吴忠,宁夏回族自治区,37.158677,105.77674
清涧县,QNY,榆林,榆林,陕西省,37.167149,109.998017
南宫东,NFP,邢台,邢台,河北省,37.169502,115.695667
平原,PYK,德州,德州,山东省,37.170322,116.439979
文登,WBK,威海,威海,山东省,37.178558,121.990316
桃村,TCK,烟台,烟台,山东省,37.189096,121.141688
景泰,JTJ,白银,白银,甘肃省,37.195525,104.056591
平遥,PYV,晋中,晋中,山西省,37.20757,112.168596
桃村北,TOK,烟台,烟台,山东省,37.211096,121.147125
平原东,PUK,德州,德州,山东省,37.217809,116.58267
墨玉,MUR,和田,和田,新疆维吾尔自治区,37.223257,79.732851
莱州,VPK,烟台,烟台,山东省,37.232076,119.909081
文登东,WGK,威海,威海,山东省,37.241041,122.258071
长农,CNJ,中卫,中卫,宁夏回族自治区,37.250256,105.701277
长城,CEJ,白银,白银,甘肃省,37.289774,104.112458
陵城,LGK,德州,德州,山东省,37.294731,116.583596
临邑,LUK,德州,德州,山东省,37.312906,116.844543
德令哈,DHO,德令哈,德令哈,青海省,37.315446,97.384606
大营镇,DJP,衡水,衡水,河北省,37.318279,115.736018
龙沟,LGJ,武威,武威,甘肃省,37.318659,102.9012
祁县东,QGV,晋中,晋中,山西省,37.323659,112.357214
中宁南,ZNJ,中卫,中卫,宁夏回族自治区,37.335389,105.616788
祁县,QXV,晋中,晋中,山西省,37.346827,112.332709
东营南,DOK,东营,东营,山东省,37.357155,118.55043
汾阳,FAV,吕梁,吕梁,山西省,37.372114,111.916809
利津南,LNK,东营,东营,山东省,37.407329,118.174663
德州东,DIP,德州,德州,山东省,37.408826,116.459542
太谷,TGV,晋中,晋中,山西省,37.421945,112.570375
大战场,DTJ,中卫,中卫,宁夏回族自治区,37.422117,105.546605
牟平,MBK,烟台,烟台,山东省,37.42305,121.650719
威海,WKK,威海,威海,山东省,37.426026,122.144181
门源,MYO,海北州,海北州,青海省,37.426828,101.528018
烟台南,YLK,烟台,烟台,山东省,37.431904,121.392549
商河,SOK,济南,济南,山东省,37.437022,117.099565
文水,WEV,吕梁,吕梁,山西省,37.439712,112.078023
柳林南,LKV,吕梁,吕梁,山西省,37.443191,110.931843
营盘水,YZJ,中卫,中卫,宁夏回族自治区,37.445467,104.314194
太谷西,TIV,晋中,晋中,山西省,37.44793,112.509585
红寺堡,HSJ,吴忠,吴忠,宁夏回族自治区,37.44867,106.065032
德州,DZP,德州,德州,山东省,37.449182,116.288366
中宁东,ZDJ,中卫,中卫,宁夏回族自治区,37.449414,105.702567
太阳山,TYJ,吴忠,吴忠,宁夏回族自治区,37.451571,106.568113
太谷东,TEV,晋中,晋中,山西省,37.452689,112.626126
滨州,BIK,滨州,滨州,山东省,37.453295,118.018351
干塘,GNJ,中卫,中卫,宁夏回族自治区,37.454958,104.525554
福山,FUK,烟台,烟台,山东省,37.455058,121.305553
东营,DPK,东营,东营,山东省,37.455522,118.472114
招远,VDK,烟台,烟台,山东省,37.461278,120.282835
芝罘,GZK,烟台,烟台,山东省,37.465401,121.34256
沙坡头,SFJ,中卫,中卫,宁夏回族自治区,37.467273,105.006507
临城,UUP,邢台,邢台,河北省,37.469616,114.611568
中卫南,ZTJ,中卫,中卫,宁夏回族自治区,37.472486,105.179066
惠安堡,KBJ,吴忠,吴忠,宁夏回族自治区,37.478354,106.675769
宣和,XWJ,中卫,中卫,宁夏回族自治区,37.478995,105.441247
古浪,GLJ,武威,武威,甘肃省,37.480012,102.91739
吴堡,WUY,榆林,榆林,陕西省,37.48126,110.666278
威海北,WHK,威海,威海,山东省,37.496677,122.047161
枣强,ZVP,衡水,衡水,河北省,37.504443,115.738258
古浪北,GBJ,武威,武威,甘肃省,37.504985,102.905977
交城,JNV,吕梁,吕梁,山西省,37.520892,112.195408
中卫,ZWJ,中卫,中卫,宁夏回族自治区,37.521774,105.190292
福山北,YTK,烟台,烟台,山东省,37.528393,121.192082
王瞳,WTP,衡水,衡水,河北省,37.544131,116.169018
绥德,ODY,榆林,榆林,陕西省,37.546699,110.262083
烟台,YAK,烟台,烟台,山东省,37.548293,121.382849
中宁,VNJ,中卫,中卫,宁夏回族自治区,37.556441,105.66891
清徐,QUV,太原,太原,山西省,37.557664,112.313124
定边,DYJ,榆林,榆林,陕西省,37.561652,107.576444
皮山,PSR,和田,和田,新疆维吾尔自治区,37.565086,78.284942
吕梁,LHV,吕梁,吕梁,山西省,37.568014,111.1377
阳信,YVK,滨州,滨州,山东省,37.568762,117.618457
岳家井,YGJ,阿拉善,阿拉善,内蒙古自治区,37.582275,104.320342
谭家井,TNJ,武威,武威,甘肃省,37.590626,103.592395
庆阳山,QSJ,白银,白银,内蒙古自治区,37.590679,104.004813
红寺堡北,HEJ,吴忠,吴忠,宁夏回族自治区,37.600228,106.062669
高邑,GIP,石家庄,石家庄,河北省,37.605066,114.597582
子洲,ZZY,榆林,榆林,陕西省,37.610873,109.952827
龙华,LHP,衡水,衡水,河北省,37.611621,116.02069
石峡子,SXJ,武威,武威,甘肃省,37.615622,103.458582
龙口市,UKK,烟台,烟台,山东省,37.618875,120.522937
靖边,JIY,榆林,榆林,陕西省,37.619361,108.755896
吴桥,WUP,沧州,沧州,河北省,37.627958,116.386403
高邑西,GNP,石家庄,石家庄,河北省,37.629767,114.530384
黑冲滩,HCJ,武威,武威,甘肃省,37.642376,103.341376
景州,JEP,衡水,衡水,河北省,37.647074,116.139005
土门子,TCJ,武威,武威,甘肃省,37.657599,103.074961
烟台西,DCK,烟台,烟台,山东省,37.658315,121.054837
黄羊镇,HYJ,武威,武威,甘肃省,37.65928,102.836494
榆次,YCV,晋中,晋中,山西省,37.679325,112.740423
晋中,JZV,晋中,晋中,山西省,37.686351,112.642485
园墩,YAJ,武威,武威,甘肃省,37.714432,102.968702
盐池,YKJ,吴忠,吴忠,宁夏回族自治区,37.734565,107.348832
南屯,NTR,巴音郭楞蒙古自治州,巴音郭楞蒙古自治州,新疆维吾尔自治区,37.740864,84.14804
衡水,HSP,衡水,衡水,河北省,37.74375,115.691387
米脂,MEY,榆林,榆林,陕西省,37.747422,110.172869
蓬莱,POK,烟台,烟台,山东省,37.757727,120.801416
元氏,YSP,石家庄,石家庄,河北省,37.759502,114.544028
衡水北,IHP,衡水,衡水,河北省,37.771402,115.675284
上腰墩,SPJ,武威,武威,甘肃省,37.773303,102.833337
北营,BIV,太原,太原,山西省,37.790615,112.611382
太原南,TNV,太原,太原,山西省,37.791639,112.610823
前磨头,,衡水,衡水,河北省,37.795335,115.492412
蓬莱市,,烟台,烟台,山东省,37.795697,120.829141
武威南,WWJ,武威,武威,甘肃省,37.815817,102.737522
阳泉,AQP,阳泉,阳泉,山西省,37.856706,113.591981
岩会,AEP,阳泉,阳泉,山西省,37.87948,113.742135
寿阳,SYV,晋中,晋中,山西省,37.882055,113.191651
辛集南,IJP,石家庄,石家庄,河北省,37.883581,115.211456
阳泉东,AYP,阳泉,阳泉,山西省,37.88516,113.599581
太原东,TDV,太原,太原,山西省,37.885498,112.586731
临县,LUV,吕梁,吕梁,山西省,37.88967,110.995775
叶城,YER,喀什,喀什,新疆维吾尔自治区,37.891906,77.473459
东光,DGP,沧州,沧州,河北省,37.892465,116.531433
武威,WUJ,武威,武威,甘肃省,37.903544,102.623965
辛集,ENP,石家庄,石家庄,河北省,37.904829,115.215426
古交,GJV,太原,太原,山西省,37.91823,112.163841
青铜峡,QTJ,吴忠,吴忠,宁夏回族自治区,37.918423,105.933202
古东,GDV,太原,太原,山西省,37.921298,112.23109
太原北,,太原,太原,山西省,37.928029,112.564633
汾河,FEV,太原,太原,山西省,37.948094,112.538598
镇城底,ZDV,太原,太原,山西省,37.95082,112.063231
武威东,WDJ,武威,武威,甘肃省,37.953059,102.690356
娘子关,NIP,阳泉,阳泉,山西省,37.962355,113.88006
吴忠,WVJ,吴忠,吴忠,宁夏回族自治区,37.975823,106.249585
藁城南,GUP,石家庄,石家庄,河北省,37.986243,114.854885
南峪,NUP,石家庄,石家庄,河北省,37.989383,113.936646
井南,JNP,石家庄,石家庄,河北省,37.992326,114.017667
石家庄,SJP,石家庄,石家庄,河北省,38.010003,114.486628
深州,OZP,衡水,衡水,河北省,38.011567,115.613442
晋州,JXP,石家庄,石家庄,河北省,38.02104,115.031567
藁城,GEP,石家庄,石家庄,河北省,38.027045,114.833514
井陉,JJP,石家庄,石家庄,河北省,38.0349,114.136597
石家庄东,SXP,石家庄,石家庄,河北省,38.048925,114.627762
阳曲,YQV,太原,太原,山西省,38.058344,112.682525
泊头,BZP,沧州,沧州,河北省,38.06055,116.586402
石家庄北,VVP,石家庄,石家庄,河北省,38.064634,114.467154
阳曲西,IQV,太原,太原,山西省,38.072404,112.647803
娄烦,USV,太原,太原,山西省,38.073463,111.843978
山丹马场,JEJ,张掖,张掖,甘肃省,38.094959,101.207137
宁东南,NDJ,银川,银川,宁夏回族自治区,38.108997,106.650659
阳泉北,YPP,阳泉,阳泉,山西省,38.114494,113.438186
灵武北,UWJ,银川,银川,宁夏回族自治区,38.134989,106.316615
宁东,NOJ,银川,银川,宁夏回族自治区,38.146367,106.547051
白文东,BCV,吕梁,吕梁,山西省,38.153591,111.097406
灵武,LNJ,灵武,灵武,宁夏回族自治区,38.158223,106.365851
正定,ZDP,石家庄,石家庄,河北省,38.161641,114.556183
高村,GCV,太原,太原,山西省,38.168892,112.69263
泽普,ZPR,喀什,喀什,新疆维吾尔自治区,38.178319,77.307831
且末,QMR,巴音郭楞蒙古自治州,巴音郭楞蒙古自治州,新疆维吾尔自治区,38.184251,85.493075
金山,JSR,巴音郭楞蒙古自治州,巴音郭楞蒙古自治州,新疆维吾尔自治区,38.19392,85.362101
饶阳,RVP,衡水,衡水,河北省,38.237431,115.7169
茫崖,HTO,茫崖,茫崖,青海省,38.250777,90.80729
岚县,UXV,吕梁,吕梁,山西省,38.251388,111.643788
正定机场,ZHP,石家庄,石家庄,河北省,38.251873,114.709263
黄羊滩,HGJ,中卫,中卫,宁夏回族自治区,38.2601,106.019002
榆林,ALY,榆林,榆林,陕西省,38.273491,109.721208
平社,PSV,忻州,忻州,山西省,38.277754,112.596152
豆罗,DLV,忻州,忻州,山西省,38.305955,112.701535
沧州西,CBP,沧州,沧州,河北省,38.306477,116.768149
沧州,COP,沧州,沧州,河北省,38.309228,116.877518
河东机场,HFJ,银川,银川,宁夏回族自治区,38.322038,106.386327
新乐,ELP,石家庄,石家庄,河北省,38.342882,114.692301
金昌,JCJ,金昌,金昌,甘肃省,38.371183,102.063595
莎车,SCR,喀什,喀什,新疆维吾尔自治区,38.374503,77.232959
依吞布拉克,YVR,库尔勒,库尔勒,新疆维吾尔自治区,38.385696,90.147061
肃宁,SYP,沧州,沧州,河北省,38.4149,115.850045
忻州,XXV,忻州,忻州,山西省,38.419703,112.746465
忻州西,IXV,忻州,忻州,山西省,38.443096,112.69332
玉石,YSJ,金昌,金昌,甘肃省,38.471257,101.891685
民乐,MBJ,张掖,张掖,甘肃省,38.473651,100.839036
定襄,DXV,忻州,忻州,山西省,38.478584,112.960605
银川,YIJ,银川,银川,宁夏回族自治区,38.492102,106.173559
蔡家崖,EBV,吕梁,吕梁,山西省,38.493725,111.0221
河间西,HXP,沧州,沧州,河北省,38.505039,115.955717
定州东,DOP,保定,保定,河北省,38.508604,115.074905
芨岭,JLJ,金昌,金昌,甘肃省,38.530339,101.790514
定州,DXP,保定,保定,河北省,38.530906,114.973983
乌审旗,WGC,鄂尔多斯,鄂尔多斯,内蒙古自治区,38.54455,108.875762
青县,QXP,沧州,沧州,河北省,38.577818,116.838626
河边,HBV,忻州,忻州,山西省,38.600914,113.101089
任丘,RQP,沧州,沧州,河北省,38.694231,116.144244
望都,WDP,保定,保定,河北省,38.708469,115.165198
瓦石峡,WHR,巴音郭楞蒙古自治州,巴音郭楞蒙古自治州,新疆维吾尔自治区,38.712981,87.384583
岢岚,KLV,忻州,忻州,山西省,38.718523,111.580993
原平,YPV,忻州,忻州,山西省,38.718849,112.727127
锦界,JEY,榆林,榆林,陕西省,38.722839,110.155164
原平西,IPV,忻州,忻州,山西省,38.738731,112.675429
暖泉,NQJ,银川,银川,宁夏回族自治区,38.740586,106.274151
秦家庄,QZV,忻州,忻州,山西省,38.804912,111.652623
旅顺,LST,大连,大连,辽宁省,38.807766,121.252447
山丹,SDJ,张掖,张掖,甘肃省,38.81295,101.074682
安塘,ATV,忻州,忻州,山西省,38.815878,111.707803
沙湖,OHJ,石嘴山,石嘴山,宁夏回族自治区,38.826192,106.375394
神木南,OMY,榆林,榆林,陕西省,38.861548,110.488239
保定,BDP,保定,保定,河北省,38.863197,115.479846
保定东,BMP,保定,保定,河北省,38.863801,115.600776
文安,WBP,廊坊,廊坊,河北省,38.884577,116.333969
轩岗,XGV,忻州,忻州,山西省,38.894166,112.431587
雁门关,RDV,忻州,忻州,山西省,38.894277,112.199349
五寨,WZV,忻州,忻州,山西省,38.916953,111.833723
石嘴山南,QQJ,石嘴山,石嘴山,宁夏回族自治区,38.917268,106.420867
大连,DLT,大连,大连,辽宁省,38.922576,121.633317
张掖西,ZEJ,张掖,张掖,甘肃省,38.923036,100.428341
沙河口,SKT,大连,大连,辽宁省,38.925551,121.592032
静海,JHP,天津,天津,天津市,38.93207,116.930212
神木,HMY,榆林,榆林,陕西省,38.937756,110.455929
长岭子,CLT,大连,大连,辽宁省,38.937975,121.322459
周水子,ZIT,大连,大连,辽宁省,38.955929,121.56558
石嘴山,OZJ,石嘴山,石嘴山,宁夏回族自治区,38.958251,106.381559
英吉沙,YIR,喀什,喀什,新疆维吾尔自治区,38.967553,76.165577
张掖,ZYJ,张掖,张掖,甘肃省,38.974292,100.519707
营城子,YCT,大连,大连,辽宁省,38.985227,121.38871
神木西,OUY,榆林,榆林,陕西省,38.987567,110.091722
若羌,RQR,库尔勒,库尔勒,新疆维吾尔自治区,39.003955,88.251838
滨海,YKP,天津,天津,天津市,39.00496,117.684732
阳明堡,YVV,忻州,忻州,山西省,39.005477,112.879675
宁武,NWV,忻州,忻州,山西省,39.007648,112.320164
大连西,GZT,大连,大连,辽宁省,39.009663,121.541849
大连北,DFT,大连,大连,辽宁省,39.016712,121.6073
大武口,DFJ,石嘴山,石嘴山,宁夏回族自治区,39.027126,106.391108
塘沽,TGP,天津,天津,天津市,39.027288,117.641983
徐水,XSP,保定,保定,河北省,39.033566,115.645396
天津南,TIP,天津,天津,天津市,39.05001,117.050646
雄安,IQP,保定,保定,河北省,39.05679,116.159778
军粮城北,JMP,天津,天津,天津市,39.066183,117.427538
白洋淀,FWP,保定,保定,河北省,39.069389,115.87477
汝箕沟,RQJ,石嘴山,石嘴山,宁夏回族自治区,39.069776,106.118825
曹妃甸港,PGP,唐山,唐山,河北省,39.07479,118.466354
代县,DKV,忻州,忻州,山西省,39.076841,112.984503
平原堡,PPJ,张掖,张掖,甘肃省,39.07957,100.350746
滨海西,FHP,天津,天津,天津市,39.080541,117.611872
神池,SMV,忻州,忻州,山西省,39.082922,112.199093
金州,JZT,大连,大连,辽宁省,39.087506,121.726346
白沟,FEP,保定,保定,河北省,39.088156,116.092407
霸州西,FOP,廊坊,廊坊,河北省,39.093563,116.350206
白芨沟,BJJ,石嘴山,石嘴山,宁夏回族自治区,39.119083,106.141203
霸州,RMP,廊坊,廊坊,河北省,39.122779,116.376267
临泽南,LDJ,张掖,张掖,甘肃省,39.125376,100.126402
枣林,ZIV,忻州,忻州,山西省,39.132529,113.094159
天津,TJP,天津,天津,天津市,39.135973,117.210103
胜芳,SUP,廊坊,廊坊,河北省,39.138754,116.759441
杨柳青,YQP,天津,天津,天津市,39.142055,117.001081
下社,XSV,忻州,忻州,山西省,39.149694,113.178198
临泽,LEJ,张掖,张掖,甘肃省,39.157039,100.158403
天津西,TXP,天津,天津,天津市,39.160522,117.160317
繁峙,FSV,忻州,忻州,山西省,39.16397,113.272523
天津北,TBP,天津,天津,天津市,39.166362,117.20985
阿克陶,AER,阿图什,阿图什,新疆维吾尔自治区,39.167281,75.975726
广宁寺,GQT,大连,大连,辽宁省,39.17878,121.847868
霸州北,VPP,廊坊,廊坊,河北省,39.186018,116.327332
大磴沟,DKJ,石嘴山,石嘴山,宁夏回族自治区,39.194405,106.351482
广宁寺南,GNT,大连,大连,辽宁省,39.208915,121.799633
惠农南,KNJ,石嘴山,石嘴山,宁夏回族自治区,39.209396,106.707491
亮甲店,LRT,大连,大连,辽宁省,39.213627,121.941307
曹妃甸东,POP,唐山,唐山,河北省,39.217919,118.590511
登沙河,DWT,大连,大连,辽宁省,39.222158,122.068873
安次,ACI,廊坊,廊坊,河北省,39.236081,116.697616
滨海北,FCP,天津,天津,天津市,39.23616,117.762237
唐海南,IEP,唐山,唐山,河北省,39.238712,118.432933
呼鲁斯太,VTJ,阿拉善,阿拉善,内蒙古自治区,39.240795,106.240042
惠农,HMJ,石嘴山,石嘴山,宁夏回族自治区,39.261862,106.727806
东淤地,DBV,忻州,忻州,山西省,39.263776,113.907655
杏树屯,XDT,大连,大连,辽宁省,39.264366,122.155818
五台山,WSV,忻州,忻州,山西省,39.265211,113.565969
东庄,DZV,忻州,忻州,山西省,39.266344,113.828499
高台,GTJ,张掖,张掖,甘肃省,39.269191,99.788684
北辰,BII,天津,天津,天津市,39.272239,117.275926
汉沽,HGP,天津,天津,天津市,39.272686,117.806004
南堡北,TLP,唐山,唐山,河北省,39.277141,118.205684
大营,DYV,忻州,忻州,山西省,39.286506,113.732631
高碑店东,GMP,保定,保定,河北省,39.290619,115.9459
高台南,GAJ,张掖,张掖,甘肃省,39.294854,99.769316
朔州东,OZV,朔州,朔州,山西省,39.303288,112.598341
永清东,YDI,廊坊,廊坊,河北省,39.306494,116.510991
朔州,SUV,朔州,朔州,山西省,39.315518,112.448324
许三湾,XSJ,张掖,张掖,甘肃省,39.316581,99.410265
平型关,PGV,大同,大同,山西省,39.326221,113.97855
高碑店,GBP,保定,保定,河北省,39.329044,115.858715
金普,PWT,大连,大连,辽宁省,39.330129,121.812642
芦台,LTP,天津,天津,天津市,39.330184,117.846211
镜铁山,JVJ,嘉峪关,嘉峪关,甘肃省,39.3367051,97.9447436
杨村,YBP,天津,天津,天津市,39.354101,117.065387
北屯,BYP,保定,保定,河北省,39.354482,114.768964
神头,SEV,朔州,朔州,山西省,39.359928,112.551283
浮图峪,FYP,保定,保定,河北省,39.366556,114.833626
涞源,LYP,保定,保定,河北省,39.370677,114.712813
固安东,GQP,廊坊,廊坊,河北省,39.372211,116.404179
武清,WWP,天津,天津,天津市,39.373191,117.014914
清水北,QEJ,酒泉,酒泉,甘肃省,39.374702,99.097765
疏勒,SUR,喀什,喀什,新疆维吾尔自治区,39.382077,75.995186
艾河,AHP,保定,保定,河北省,39.393142,114.547256
豆张庄,,天津,天津,天津市,39.397141,116.949944
普兰店,PLT,大连,大连,辽宁省,39.401253,121.960585
小西庄,XXP,保定,保定,河北省,39.401884,114.629357
招柏,ZBP,大同,大同,山西省,39.40461,114.409314
王安镇,WVP,保定,保定,河北省,39.408266,114.942512
皮口南,PKT,大连,大连,辽宁省,39.408986,122.361507
曹子里,CFP,天津,天津,天津市,39.410957,117.138762
固安,GFP,廊坊,廊坊,河北省,39.425207,116.32389
大盘石,RPP,保定,保定,河北省,39.42674,115.086448
塔崖驿,TYP,保定,保定,河北省,39.429225,115.007509
皮口,PUT,大连,大连,辽宁省,39.431049,122.339737
落垡,,天津,天津,天津市,39.439762,116.844491
紫荆关,ZYP,保定,保定,河北省,39.448428,115.171187
云彩岭,ACP,大同,大同,山西省,39.448907,114.363394
乌海西,WXC,乌海,乌海,内蒙古自治区,39.455182,106.737752
夹心子,JXT,大连,大连,辽宁省,39.4582143,122.4044643
涿州东,ZAP,保定,保定,河北省,39.460223,116.053828
灵丘,LVV,大同,大同,山西省,39.462067,114.222629
山阴,SNV,朔州,朔州,山西省,39.466515,112.940932
狼尾山,LRJ,张掖,张掖,甘肃省,39.476951,97.995509
大涧,DFP,大同,大同,山西省,39.479256,114.303036
涿州,ZXP,保定,保定,河北省,39.481591,115.985022
奇峰塔,QVP,保定,保定,河北省,39.490352,115.231765
山阴南,OYV,朔州,朔州,山西省,39.492609,112.839193
喀什,KSR,喀什,喀什,新疆维吾尔自治区,39.492979,76.047954
城子坦,CWT,大连,大连,辽宁省,39.495477,122.478029
宝坻南,BOI,天津,天津,天津市,39.507971,117.376384
廊坊,LJP,廊坊,廊坊,河北省,39.509063,116.708928
广阳,LFP,廊坊,廊坊,河北省,39.511681,116.70718
大兴机场,IWP,北京,廊坊,河北省,39.51224,116.415692
廊坊北,LBI,廊坊,廊坊,河北省,39.515442,116.705696
岱岳,RYV,朔州,朔州,山西省,39.516781,112.825101
崔黄口,CHP,天津,天津,天津市,39.521039,117.200784
廊坊西,LFI,廊坊,廊坊,河北省,39.538304,116.683546
肃北,SBJ,酒泉,酒泉,甘肃省,39.542172,94.772547
南城司,NSP,保定,保定,河北省,39.54923,115.262436
花园口,HYT,大连,大连,辽宁省,39.552021,122.61555
礼贤,LXI,北京,北京,北京市,39.556162,116.437769
鄂尔多斯,EEC,鄂尔多斯,鄂尔多斯,内蒙古自治区,39.56048,109.843061
大口屯,DKP,天津,天津,天津市,39.604891,117.264744
板城,BUP,保定,保定,河北省,39.613777,115.255413
阿克塞,AKJ,酒泉,酒泉,甘肃省,39.615533,94.370651
安定,ADP,北京,北京,北京市,39.618074,116.488809
云居寺,AFP,北京,北京,北京市,39.621436,115.799629
应县西,AAV,朔州,朔州,山西省,39.624054,113.014566
应县,YZV,朔州,朔州,山西省,39.625117,113.063397
唐山,TSP,唐山,唐山,河北省,39.625622,118.117903
瓦房店,WDT,大连,大连,辽宁省,39.627667,122.008121
三合庄,SVP,北京,北京,北京市,39.635923,115.713394
酒泉,JQJ,酒泉,酒泉,甘肃省,39.645577,98.451664
白涧,BAP,保定,保定,河北省,39.646523,115.289559
十渡,SEP,北京,北京,北京市,39.647195,115.589443
孤山口,GSP,北京,北京,北京市,39.647337,115.846976
瓦房店西,WXT,大连,大连,辽宁省,39.658742,121.837888
平峪,PYP,北京,北京,北京市,39.661811,115.538673
宝坻,BZI,天津,天津,天津市,39.663635,117.284326
魏善庄,,北京,北京,北京市,39.665937,116.408969
乌海东,,乌海,乌海,内蒙古自治区,39.6698,106.805764
野三坡,AIP,保定,保定,河北省,39.67195,115.454502
福山口,FKP,保定,保定,河北省,39.674164,115.340995
百里峡,AAP,保定,保定,河北省,39.683736,115.393981
唐山西,TSI,唐山,唐山,河北省,39.697666,118.023383
玉田南,YTI,唐山,唐山,河北省,39.697771,117.814618
酒泉南,JNJ,酒泉,酒泉,甘肃省,39.702236,98.535416
昌黎,CLP,秦皇岛,秦皇岛,河北省,39.704375,119.167796
乌海,IAC,乌海,乌海,内蒙古自治区,39.712358,106.798763
宝坻北,BPP,天津,天津,天津市,39.715924,117.335971
嘉峪关南,JBJ,嘉峪关,嘉峪关,甘肃省,39.718116,98.310294
桥西,QXJ,嘉峪关,嘉峪关,甘肃省,39.719603,98.1263471
黄村,HCP,北京,北京,北京市,39.720221,116.331578
阿图什,ATR,阿图什,阿图什,新疆维吾尔自治区,39.720227,76.222552
北京大兴,IPP,北京,北京,北京市,39.720322,116.328881
良各庄,LGP,北京,北京,北京市,39.720564,115.937965
香河,XHI,廊坊,廊坊,河北省,39.721056,117.034056
东胜西,DYC,鄂尔多斯,鄂尔多斯,内蒙古自治区,39.724277,109.875471
庄河北,ZUT,大连,大连,辽宁省,39.727814,122.936068
良乡,LAP,北京,北京,北京市,39.741506,116.157458
肃州,SRJ,酒泉,酒泉,甘肃省,39.746428,98.649757
燕山,AOP,北京,北京,北京市,39.748837,115.958696
东胜东,RSC,鄂尔多斯,鄂尔多斯,内蒙古自治区,39.754006,110.105633
滦县,UXP,唐山,唐山,河北省,39.758275,118.705415
嘉峪关,JGJ,嘉峪关,嘉峪关,甘肃省,39.764584,98.254644
南观村,NGP,北京,北京,北京市,39.767926,115.994087
怀仁东,HFV,朔州,朔州,山西省,39.793942,113.162502
绿化,LWJ,嘉峪关,嘉峪关,甘肃省,39.801721,98.251734
亦庄,YUP,北京,北京,北京市,39.812728,116.601926
东胜,DOC,鄂尔多斯,鄂尔多斯,内蒙古自治区,39.815331,109.975941
唐山北,FUP,唐山,唐山,河北省,39.816327,118.11862
上万,SWP,北京,北京,北京市,39.822672,116.044813
松树,,大连,大连,辽宁省,39.826052,122.097848
怀仁,HRV,朔州,朔州,山西省,39.828523,113.094518
巴楚,BCR,喀什,喀什,新疆维吾尔自治区,39.835549,78.549659
青堆,QET,大连,大连,辽宁省,39.843646,123.227121
北京丰台,FTP,北京,北京,北京市,39.850889,116.301463
北戴河,BEP,秦皇岛,秦皇岛,河北省,39.851288,119.419926
大灰厂,DHP,北京,北京,北京市,39.851749,116.127697
滦河,UDP,唐山,唐山,河北省,39.853872,118.672484
北京南,VNP,北京,北京,北京市,39.866066,116.377235
石景山南,SRP,北京,北京,北京市,39.874477,116.214742
玉田县,ATP,唐山,唐山,河北省,39.882178,117.734212
大厂,DCI,廊坊,廊坊,河北省,39.888907,116.902457
图木舒克,TMR,喀什,喀什,新疆维吾尔自治区,39.8933577,78.9898105
抚宁,FNP,秦皇岛,秦皇岛,河北省,39.894209,119.24968
乔庄东,QEP,北京,北京,北京市,39.894661,116.696463
北京西,BXP,北京,北京,北京市,39.894912,116.322033
通州,,北京,北京,北京市,39.897146,116.662446
北井子,BRT,丹东,丹东,辽宁省,39.89799,123.903342
北京东,BOP,北京,北京,北京市,39.902725,116.484438
北京,BJP,北京,北京,北京市,39.90283,116.427354
通州西,TAP,北京,北京,北京市,39.904099,116.626318
东港北,RGT,丹东,丹东,辽宁省,39.910661,124.130705
金塔,JIJ,酒泉,酒泉,甘肃省,39.912238,98.872018
迁安,QQP,唐山,唐山,河北省,39.925878,118.692933
大孤山,RMT,丹东,丹东,辽宁省,39.935238,123.585816
燕郊,AJP,廊坊,廊坊,河北省,39.941839,116.826132
北京朝阳,IFP,北京,北京,北京市,39.944762,116.508455
北京北,VAP,北京,北京,北京市,39.944876,116.353063
三家店,ODP,北京,北京,北京市,39.951416,116.120284
卢龙,UAP,秦皇岛,秦皇岛,河北省,39.952779,118.984095
秦皇岛,QTP,秦皇岛,秦皇岛,河北省,39.965688,119.591843
斜河涧,EEP,北京,北京,北京市,39.971213,116.058342
三河县,OXP,廊坊,廊坊,河北省,39.97244,117.091934
清华园,QHP,北京,北京,北京市,39.9811507,116.3335965
落坡岭,LPP,北京,北京,北京市,39.988126,115.985662
蓟州,JIP,天津,天津,天津市,39.995094,117.36935
山海关,SHD,秦皇岛,秦皇岛,河北省,40.000039,119.768142
丹东西,RWT,丹东,丹东,辽宁省,40.00012,124.266291
张辛,ZIP,北京,北京,北京市,40.012074,116.68626
蓟州北,JKP,天津,天津,天津市,40.026865,117.398383
雁翅,YAP,北京,北京,北京市,40.035485,115.897221
许家屯,,大连,大连,辽宁省,40.040653,122.081798
清河,QIP,北京,北京,北京市,40.041413,116.314455
东戴河,RDD,葫芦岛,葫芦岛,辽宁省,40.042187,119.8466
大同南,DMV,大同,大同,山西省,40.046162,113.365088
珠窝,ZOP,北京,北京,北京市,40.05135,115.800189
平旺,PWV,大同,大同,山西省,40.067517,113.217818
黄土店,HKP,北京,北京,北京市,40.06989,116.365155
沿河城,YHP,北京,北京,北京市,40.098994,115.7207
大同,DTV,大同,大同,山西省,40.120843,113.304047
丹东,DUT,丹东,丹东,辽宁省,40.124095,124.3876
沙河,SHP,北京,北京,北京市,40.125094,116.265117
顺义,SOP,北京,北京,北京市,40.126183,116.645231
准格尔,ZEC,鄂尔多斯,鄂尔多斯,内蒙古自治区,40.126412,111.243347
低窝铺,DWJ,玉门,玉门,甘肃省,40.143096,97.242648
敦煌,DHJ,酒泉,酒泉,甘肃省,40.167911,94.784184
旧庄窝,JVP,张家口,张家口,河北省,40.173047,115.638304
前卫,,葫芦岛,葫芦岛,辽宁省,40.175134,120.134849
顺义西,IKP,北京,北京,北京市,40.179309,116.491241
熊岳城,XYT,营口,营口,辽宁省,40.181441,122.147807
鲅鱼圈,BYT,营口,营口,辽宁省,40.188026,122.094481
昌平,CPP,北京,北京,北京市,40.191145,116.192482
牛栏山,NLP,北京,北京,北京市,40.203256,116.648188
官高,GVP,北京,北京,北京市,40.226154,116.3138
昌平北,VBP,北京,北京,北京市,40.231452,116.231525
南口,NKP,北京,北京,北京市,40.23983,116.130015
托克托东,TVC,呼和浩特,呼和浩特,内蒙古自治区,40.252048,111.302578
官厅,GTP,张家口,张家口,河北省,40.25216,115.58904
官厅西,KEP,张家口,张家口,河北省,40.253199,115.584674
高各庄,,北京,北京,北京市,40.258311,116.629153
五龙背,WBT,丹东,丹东,辽宁省,40.259825,124.275904
五龙背东,WMT,丹东,丹东,辽宁省,40.265019,124.287003
玉门,YXJ,酒泉,酒泉,甘肃省,40.272458,97.044817
怀柔南,IMP,北京,北京,北京市,40.278414,116.704664
岫岩,XXT,鞍山,鞍山,辽宁省,40.284809,123.275716
庙城,MAP,北京,北京,北京市,40.288779,116.622409
汤山城,TCT,丹东,丹东,辽宁省,40.311195,124.209518
阳高南,AGV,大同,大同,山西省,40.315623,113.801447
怀柔,HRP,北京,北京,北京市,40.317134,116.648824
绥中,SZD,葫芦岛,葫芦岛,辽宁省,40.321967,120.353727
巴彦高勒,BAC,巴彦淖尔,巴彦淖尔,内蒙古自治区,40.333195,107.021724
北宅,BVP,北京,北京,北京市,40.340803,116.572504
统军庄,TZP,北京,北京,北京市,40.342238,116.753121
东花园北,QBP,张家口,张家口,河北省,40.342635,115.79459
绥中北,SND,葫芦岛,葫芦岛,辽宁省,40.348524,120.323857
一面山,YST,丹东,丹东,辽宁省,40.349222,124.096972
密云,MYP,北京,北京,北京市,40.352361,116.851015
八达岭长城,VLP,北京,北京,北京市,40.359328,116.011135
八达岭,ILP,北京,北京,北京市,40.36009,116.001502
东辛庄,,葫芦岛,葫芦岛,辽宁省,40.360714,120.453588
阳高,YOV,大同,大同,山西省,40.36539,113.739509
雁栖湖,FGP,北京,北京,北京市,40.374184,116.659991
怀来,VQP,张家口,张家口,河北省,40.379664,115.565952
康庄,KZP,北京,北京,北京市,40.379846,115.898445
达拉特西,DNC,鄂尔多斯,鄂尔多斯,内蒙古自治区,40.380346,109.891478
东风南,DPJ,酒泉,酒泉,甘肃省,40.387929,96.924067
六道河子,LVP,承德,承德,河北省,40.395862,117.315443
沙城,SCP,张家口,张家口,河北省,40.396228,115.517732
密云北,MUP,北京,北京,北京市,40.396706,116.862366
前苇塘,QWP,承德,承德,河北省,40.40077,117.411176
盖州西,GAT,营口,营口,辽宁省,40.404958,122.272145
怀柔北,HBP,北京,北京,北京市,40.408277,116.692849
河东里,KLJ,酒泉,酒泉,甘肃省,40.412736,99.760796
达拉特旗,DIC,鄂尔多斯,鄂尔多斯,内蒙古自治区,40.412766,110.034133
兴隆县西,IRP,承德,承德,河北省,40.414324,117.482829
盖州,GXT,营口,营口,辽宁省,40.419697,122.333311
疏勒河,SHJ,酒泉,酒泉,甘肃省,40.429922,96.869489
丰镇,FZC,乌兰察布,乌兰察布,内蒙古自治区,40.435254,113.163664
延庆,YNP,北京,北京,北京市,40.436303,115.982932
兴隆县,EXP,承德,承德,河北省,40.436668,117.513877
西八里,XLP,张家口,张家口,河北省,40.43846,115.345391
新保安,XAP,张家口,张家口,河北省,40.440219,115.431306
丰镇北,FFC,乌兰察布,乌兰察布,内蒙古自治区,40.443241,113.131583
凤凰城,FHT,丹东,丹东,辽宁省,40.448982,124.059224
天镇,TZV,大同,大同,山西省,40.452031,114.067758
凤城东,FDT,丹东,丹东,辽宁省,40.464412,124.134691
下花园,XYP,张家口,张家口,河北省,40.485517,115.280848
黑山寺,HVP,北京,北京,北京市,40.490619,116.795976
下花园北,OKP,张家口,张家口,河北省,40.502912,115.301218
北马圈子,BRP,承德,承德,河北省,40.520638,117.603749
鹰手营子,YIP,承德,承德,河北省,40.54996,117.662234
大堡,,丹东,丹东,辽宁省,40.552717,124.251063
萨拉齐,SLC,包头,包头,内蒙古自治区,40.564819,110.531604
瓜州,GZJ,酒泉,酒泉,甘肃省,40.566956,95.773375
包头东,BDC,包头,包头,内蒙古自治区,40.570076,110.024755
洞庙河,DEP,承德,承德,河北省,40.571706,117.694957
兴城西,XXD,葫芦岛,葫芦岛,辽宁省,40.592268,120.616623
宣化,XHP,张家口,张家口,河北省,40.59809,115.055388
下台子,EIP,承德,承德,河北省,40.603648,117.741476
包头,BTC,包头,包头,内蒙古自治区,40.605388,109.836636
公庙子,GMC,巴彦淖尔,巴彦淖尔,内蒙古自治区,40.624534,108.963346
兴城,XCD,葫芦岛,葫芦岛,辽宁省,40.624765,120.70214
营口东,YGT,营口,营口,辽宁省,40.625442,122.427211
铁干里克,VAR,库尔勒,库尔勒,新疆维吾尔自治区,40.627536,87.677296
宣化北,VJP,张家口,张家口,河北省,40.63381,115.049905
大石桥,DQT,营口,营口,辽宁省,40.643485,122.503719
柴沟堡,CGV,张家口,张家口,河北省,40.67014,114.415567
刘家河,LVT,丹东,丹东,辽宁省,40.671838,123.986814
沙岭子,SLP,张家口,张家口,河北省,40.673118,114.924852
阿拉尔,AOR,阿克苏,阿克苏,新疆维吾尔自治区,40.673381,80.316887
老边,,营口,营口,辽宁省,40.674796,122.368482
潘家店,PDP,承德,承德,河北省,40.675123,117.822355
阿瓦提,AWR,阿克苏,阿克苏,新疆维吾尔自治区,40.677969,80.371997
怀安,QAP,张家口,张家口,河北省,40.685279,114.399936
营口,YKT,营口,营口,辽宁省,40.685657,122.265611
古北口,GKP,北京,北京,北京市,40.692033,117.141867
昆都仑召,KDC,包头,包头,内蒙古自治区,40.703859,109.796071
张家口南,IXP,张家口,张家口,河北省,40.704855,114.880507
察素齐,CSC,呼和浩特,呼和浩特,内蒙古自治区,40.705142,111.125794
流水沟,USP,承德,承德,河北省,40.70656,117.144545
乌拉山西,WQC,巴彦淖尔,巴彦淖尔,内蒙古自治区,40.712713,108.650247
南桥,,葫芦岛,葫芦岛,辽宁省,40.713343,119.936468
宽甸,KDT,丹东,丹东,辽宁省,40.719442,124.781951
杨杖子,,朝阳,朝阳,辽宁省,40.719941,119.134701
郭磊庄,GLP,张家口,张家口,河北省,40.720073,114.549929
南湾子,NWP,承德,承德,河北省,40.734481,117.829782
巴彦淖尔,FMC,巴彦淖尔,巴彦淖尔,内蒙古自治区,40.736289,107.408768
乌拉特前旗,IQC,巴彦淖尔,巴彦淖尔,内蒙古自治区,40.737018,108.652114
葫芦岛北,HPD,葫芦岛,葫芦岛,辽宁省,40.742339,120.763651
临河,LHC,巴彦淖尔,巴彦淖尔,内蒙古自治区,40.743884,107.430317
刀尔登,,朝阳,朝阳,辽宁省,40.749147,119.122466
张家口,ZMP,张家口,张家口,河北省,40.751977,114.882843
葫芦岛,HLD,葫芦岛,葫芦岛,辽宁省,40.754149,120.869694
安匠,MJP,承德,承德,河北省,40.763398,117.729101
柳树屯,,葫芦岛,葫芦岛,辽宁省,40.764146,120.799483
南大庙,NMP,承德,承德,河北省,40.767364,117.067861
下板城,EBP,承德,承德,河北省,40.774167,118.176552
新杖子,ERP,承德,承德,河北省,40.774711,117.881186
通远堡西,TST,丹东,丹东,辽宁省,40.778991,123.916881
榆树沟,YGP,承德,承德,河北省,40.785225,118.404178
土贵乌拉,TGC,乌兰察布,乌兰察布,内蒙古自治区,40.786093,113.205297
通远堡,TYT,丹东,丹东,辽宁省,40.786791,123.926857
甲山,JOP,承德,承德,河北省,40.788721,118.265614
西大庙,XMP,承德,承德,河北省,40.803722,117.967955
建昌,JFD,葫芦岛,葫芦岛,辽宁省,40.806317,119.822825
上板城南,OBP,承德,承德,河北省,40.824842,118.047193
库尔木依,VPR,库尔勒,库尔勒,新疆维吾尔自治区,40.830153,87.223276
呼和浩特,HHC,呼和浩特,呼和浩特,内蒙古自治区,40.831275,111.66548
上板城,SBP,承德,承德,河北省,40.839176,118.058364
西柳,GCT,鞍山,鞍山,辽宁省,40.843816,122.622753
兴和西,XEC,乌兰察布,乌兰察布,内蒙古自治区,40.848947,113.813705
大杖子,DAP,承德,承德,河北省,40.851201,118.549322
呼和浩特东,NDC,呼和浩特,呼和浩特,内蒙古自治区,40.853779,111.772234
灌水,GST,丹东,丹东,辽宁省,40.861732,124.565801
虎什哈,HHP,承德,承德,河北省,40.862048,116.997012
西小召,XZC,巴彦淖尔,巴彦淖尔,内蒙古自治区,40.863181,108.35917
海城,HCT,鞍山,鞍山,辽宁省,40.863476,122.743418
杭锦后旗,HDC,巴彦淖尔,巴彦淖尔,内蒙古自治区,40.865129,107.116908
草河口,CKT,本溪,本溪,辽宁省,40.879188,123.911016
承德南,IVP,承德,承德,河北省,40.884075,117.964079
金杖子,,朝阳,朝阳,辽宁省,40.885284,119.502511
二道沟门,RDP,承德,承德,河北省,40.886183,117.150723
承德东,CCP,承德,承德,河北省,40.889217,117.990434
兴和北,EBC,乌兰察布,乌兰察布,内蒙古自治区,40.892211,113.84102
五道河,WHP,承德,承德,河北省,40.893511,117.067768
高桥镇,,葫芦岛,葫芦岛,辽宁省,40.897818,121.005539
小寺沟,ESP,承德,承德,河北省,40.899798,118.645309
卓资山,ZZC,乌兰察布,乌兰察布,内蒙古自治区,40.902019,112.561714
刘召,WYC,巴彦淖尔,巴彦淖尔,内蒙古自治区,40.911192,108.049427
太子城,IZP,张家口,张家口,河北省,40.913971,115.448089
海城西,HXT,鞍山,鞍山,辽宁省,40.914368,122.659229
卓资东,ZDC,乌兰察布,乌兰察布,内蒙古自治区,40.923407,112.618688
英库勒,YLR,库尔勒,库尔勒,新疆维吾尔自治区,40.923548,86.919098
滦平,UPP,承德,承德,河北省,40.923607,117.316253
祁家堡,QBT,本溪,本溪,辽宁省,40.927895,123.81653
旗下营南,QNC,乌兰察布,乌兰察布,内蒙古自治区,40.930415,112.194859
承德县北,IYP,承德,承德,河北省,40.937206,118.291801
乌兰察布,WPC,乌兰察布,乌兰察布,内蒙古自治区,40.963996,113.159692
承德,CDP,承德,承德,河北省,40.964995,117.955615
连山关,LGT,本溪,本溪,辽宁省,40.969167,123.759659
魏杖子,WKD,朝阳,朝阳,辽宁省,40.975731,119.064942
旗下营,QXC,乌兰察布,乌兰察布,内蒙古自治区,40.975927,112.151695
窑上,,承德,承德,河北省,40.983708,117.408316
杨树岭,YAD,承德,承德,河北省,40.99096,118.878288
张百湾,ZUP,承德,承德,河北省,40.999473,117.481558
平泉,PQP,承德,承德,河北省,40.999539,118.700152
崇礼,KOP,张家口,张家口,河北省,41.006898,115.317533
三十家,SRD,朝阳,朝阳,辽宁省,41.014643,119.054656
锦州南,JOD,锦州,锦州,辽宁省,41.017019,121.125359
集宁南,JAC,乌兰察布,乌兰察布,内蒙古自治区,41.030801,113.099439
下马塘,XAT,本溪,本溪,辽宁省,41.031615,123.736235
平泉北,PBP,承德,承德,河北省,41.038798,118.711418
金沟屯,VGP,承德,承德,河北省,41.059804,117.517105
滦河沿,UNP,承德,承德,河北省,41.079507,117.543945
五原,IYC,巴彦淖尔,巴彦淖尔,内蒙古自治区,41.088446,108.267466
南芬,NFT,本溪,本溪,辽宁省,41.102156,123.748473
柳园南,LNR,酒泉,酒泉,甘肃省,41.102314,95.472563
柳园,DHR,酒泉,酒泉,甘肃省,41.107677,95.505313
梁底下,LDP,承德,承德,河北省,41.108459,117.625807
鞍山,AST,鞍山,鞍山,辽宁省,41.112014,122.98533
水泉,SID,朝阳,朝阳,辽宁省,41.1132,119.164151
鞍山西,AXT,鞍山,鞍山,辽宁省,41.117742,122.916345
锦州,JZD,锦州,锦州,辽宁省,41.124974,121.140195
集安,JAL,通化,通化,吉林省,41.13568,126.204157
南芬北,NUT,本溪,本溪,辽宁省,41.135689,123.744829
阿克苏,ASR,阿克苏,阿克苏,新疆维吾尔自治区,41.144762,80.30608
花博山,KBT,丹东,丹东,辽宁省,41.147993,125.053702
凌海南,UNT,锦州,锦州,辽宁省,41.153696,121.375348
白旗,BQP,承德,承德,河北省,41.159076,117.672269
安平,,辽阳,辽阳,辽宁省,41.167619,123.428822
锦州北,JFT,锦州,锦州,辽宁省,41.181046,121.126858
寒岭,,辽阳,辽阳,辽宁省,41.181381,123.557953
凌海,JID,锦州,锦州,辽宁省,41.181431,121.362223
大阳,RET,本溪,本溪,辽宁省,41.189733,124.593595
牛河梁,LKT,朝阳,朝阳,辽宁省,41.196134,119.399214
盘锦,PVD,盘锦,盘锦,辽宁省,41.197737,122.063029
阳岔,,通化,通化,吉林省,41.217069,126.242074
碱厂,JUT,本溪,本溪,辽宁省,41.220477,124.40519
喀左,KZT,朝阳,朝阳,辽宁省,41.224342,119.805565
超梁沟,CYP,承德,承德,河北省,41.233019,117.696005
凌源,LYD,朝阳,朝阳,辽宁省,41.236015,119.383024
八里甸子,BLT,本溪,本溪,辽宁省,41.236915,124.893267
田师府,TFT,本溪,本溪,辽宁省,41.241621,124.339761
铁刹山,PST,本溪,本溪,辽宁省,41.253244,124.329427
周家屯,ZOD,锦州,锦州,辽宁省,41.25926,120.960721
盘山,PUD,盘锦,盘锦,辽宁省,41.259351,122.189772
凌源东,LDD,朝阳,朝阳,辽宁省,41.262677,119.414867
韩麻营,HYP,承德,承德,河北省,41.277209,117.840373
五女山,WET,本溪,本溪,辽宁省,41.279172,125.32769
辽阳,LYT,辽阳,辽阳,辽宁省,41.281591,123.167924
八角台,BTD,锦州,锦州,辽宁省,41.288411,121.249897
本溪,BXT,本溪,本溪,辽宁省,41.294848,123.758446
小市,XST,本溪,本溪,辽宁省,41.310821,124.122666
隆化,UHP,承德,承德,河北省,41.328323,117.750936
盘锦北,PBD,盘锦,盘锦,辽宁省,41.335747,121.807158
黄柏,,通化,通化,吉林省,41.337632,126.341273
七里河,QLD,锦州,锦州,辽宁省,41.339375,121.257093
尉犁,WRR,库尔勒,库尔勒,新疆维吾尔自治区,41.356041,86.336938
台安南,TAD,鞍山,鞍山,辽宁省,41.357871,122.383675
沟帮子,GBD,锦州,锦州,辽宁省,41.361447,121.775682
公营子,GYD,朝阳,朝阳,辽宁省,41.364844,119.855829
建平,JAD,朝阳,朝阳,辽宁省,41.380085,119.562594
叶柏寿,YBD,朝阳,朝阳,辽宁省,41.391662,119.64493
奈林皋,NGT,朝阳,朝阳,辽宁省,41.401982,120.068674
灯塔,DGT,辽阳,辽阳,辽宁省,41.429535,123.317426
大平房,DPD,朝阳,朝阳,辽宁省,41.436073,120.169555
台安,TID,鞍山,鞍山,辽宁省,41.445797,122.430609
石桥子,SQT,本溪,本溪,辽宁省,41.45306,123.723203
白音察干,BYC,乌兰察布,乌兰察布,内蒙古自治区,41.455158,113.185247
巴图营,BWT,朝阳,朝阳,辽宁省,41.470782,120.72727
本溪新城,BVT,本溪,本溪,辽宁省,41.482465,123.677756
近海,JHD,沈阳,沈阳,辽宁省,41.483727,122.847572
义县,YXD,锦州,锦州,辽宁省,41.522045,121.227932
姚千户屯,,沈阳,沈阳,辽宁省,41.531937,123.618774
义县西,YSD,锦州,锦州,辽宁省,41.536763,121.209044
高山子,,锦州,锦州,辽宁省,41.555244,122.058921
辽中,LZD,沈阳,沈阳,辽宁省,41.559355,122.771047
陈相屯,CXT,沈阳,沈阳,辽宁省,41.564909,123.532268
新和,XIR,阿克苏,阿克苏,新疆维吾尔自治区,41.575036,82.61864
林盛堡,LBT,沈阳,沈阳,辽宁省,41.578602,123.363142
朝阳南,CYD,朝阳,朝阳,辽宁省,41.578874,120.441606
商都,SXC,乌兰察布,乌兰察布,内蒙古自治区,41.579638,113.555996
天义,TND,赤峰,赤峰,内蒙古自治区,41.595052,119.33793
果松,,通化,通化,吉林省,41.598847,126.256269
辽宁朝阳,VET,朝阳,朝阳,辽宁省,41.599511,120.410511
上园,SUD,朝阳,朝阳,辽宁省,41.612359,120.974127
大虎山,DHD,锦州,锦州,辽宁省,41.612532,122.148568
宁城,NCD,赤峰,赤峰,内蒙古自治区,41.61531,119.319249
能家,NJD,朝阳,朝阳,辽宁省,41.621793,120.683935
苏家屯,SXT,沈阳,沈阳,辽宁省,41.66253,123.354298
沈阳南,SOT,沈阳,沈阳,辽宁省,41.668789,123.407006
通化县,TXL,通化,通化,吉林省,41.678832,125.821532
高花,HGD,沈阳,沈阳,辽宁省,41.689675,123.030628
库车,KCR,阿克苏,阿克苏,新疆维吾尔自治区,41.694242,83.017971
二龙,,赤峰,赤峰,内蒙古自治区,41.699048,119.276919
铁厂,,通化,通化,吉林省,41.717098,126.203119
榆树台,YUT,沈阳,沈阳,辽宁省,41.717748,123.423753
大营子,,朝阳,朝阳,辽宁省,41.724956,120.262644
孤家子,GKT,沈阳,沈阳,辽宁省,41.734811,123.488503
库尔勒,KLR,库尔勒,库尔勒,新疆维吾尔自治区,41.74762,86.196394
通化,THL,通化,通化,吉林省,41.753277,125.980026
北票,BPT,朝阳,朝阳,辽宁省,41.768202,120.788602
东通化,,通化,通化,吉林省,41.770637,126.045495
白云鄂博,BEC,包头,包头,内蒙古自治区,41.772926,109.957802
清河门,,阜新,阜新,辽宁省,41.776692,121.420334
汐子,,赤峰,赤峰,内蒙古自治区,41.781531,119.263929
深井子,SWT,沈阳,沈阳,辽宁省,41.785747,123.651684
二密河,RML,通化,通化,吉林省,41.788921,125.830792
沈阳,SYT,沈阳,沈阳,辽宁省,41.794443,123.395116
绕阳河,,锦州,锦州,辽宁省,41.794974,122.463878
清河门北,QBD,阜新,阜新,辽宁省,41.795417,121.415996
北票南,,朝阳,朝阳,辽宁省,41.801117,120.771389
四合永,OHD,承德,承德,河北省,41.801388,117.828425
临江,LQL,白山,白山,吉林省,41.803163,126.901943
李石寨,LET,抚顺,抚顺,辽宁省,41.817229,123.727544
沈阳北,SBT,沈阳,沈阳,辽宁省,41.81917,123.4362
皇姑屯,HTT,沈阳,沈阳,辽宁省,41.821049,123.386576
沈阳东,SDT,沈阳,沈阳,辽宁省,41.822493,123.500928
大成,DCT,沈阳,沈阳,辽宁省,41.827677,123.34879
土牧尔台,TRC,乌兰察布,乌兰察布,内蒙古自治区,41.85073,113.145079
大官屯,DTT,抚顺,抚顺,辽宁省,41.856059,123.871388
轮台,LAR,库尔勒,库尔勒,新疆维吾尔自治区,41.86108,84.121866
世博园,ZWT,沈阳,沈阳,辽宁省,41.862699,123.64046
铁门关,XAR,铁门关,铁门关,新疆维吾尔自治区,41.862997,85.670291
抚顺,FET,抚顺,抚顺,辽宁省,41.86447,123.903765
大红旗,,沈阳,沈阳,辽宁省,41.873905,122.61347
抚顺北,,抚顺,抚顺,辽宁省,41.888744,123.918194
化德,HGC,乌兰察布,乌兰察布,内蒙古自治区,41.896317,114.038718
额济纳,EJC,阿拉善,阿拉善,内蒙古自治区,41.898718,101.034078
马三家,MJT,沈阳,沈阳,辽宁省,41.898829,123.236874
章党,,抚顺,抚顺,辽宁省,41.908015,124.077693
乃林,NLD,赤峰,赤峰,内蒙古自治区,41.910879,119.274043
沈阳西,OOT,沈阳,沈阳,辽宁省,41.914818,123.231684
纪家沟,VJD,承德,承德,河北省,41.929846,118.133318
白山市,HJL,白山,白山,吉林省,41.952433,126.458285
乌兰木图,VLT,阜新,阜新,辽宁省,41.965211,121.29292
南杂木,NZT,抚顺,抚顺,辽宁省,41.965486,124.407764
平庄南,PND,赤峰,赤峰,内蒙古自治区,41.979092,119.257734
兴隆店,,沈阳,沈阳,辽宁省,41.980617,123.056668
阜新南,FXD,阜新,阜新,辽宁省,41.987544,121.63887
苍石,,抚顺,抚顺,辽宁省,41.987947,124.520787
平庄,PAD,赤峰,赤峰,内蒙古自治区,41.991184,119.297483
南口前,NKT,抚顺,抚顺,辽宁省,42.00063,124.614118
新民,XMD,沈阳,沈阳,辽宁省,42.001105,122.81651
咋子,ZAL,白山,白山,吉林省,42.011558,126.61319
新立屯,XLD,锦州,锦州,辽宁省,42.020359,122.178583
新民北,XOT,沈阳,沈阳,辽宁省,42.024025,122.805361
朝阳地,,承德,承德,河北省,42.024332,118.226964
小东,XOD,锦州,锦州,辽宁省,42.030797,122.32771
平庄北,PZD,赤峰,赤峰,内蒙古自治区,42.041178,119.306569
江源,SZL,白山,白山,吉林省,42.041356,126.582177
阿金,,阜新,阜新,辽宁省,42.043678,121.755824
黑山北,HQT,锦州,锦州,辽宁省,42.046073,122.299583
松树镇,,白山,白山,吉林省,42.055419,127.115376
三源浦,SYL,通化,通化,吉林省,42.056261,125.760578
阜新,FOT,阜新,阜新,辽宁省,42.057258,121.659509
湾沟,,白山,白山,吉林省,42.066427,126.899844
焉耆,YSR,库尔勒,库尔勒,新疆维吾尔自治区,42.075357,86.545616
新邱,XQD,阜新,阜新,辽宁省,42.089152,121.797468
大巴,DBD,阜新,阜新,辽宁省,42.104147,122.022317
十家子,SJD,阜新,阜新,辽宁省,42.104333,122.265935
清原,QYT,抚顺,抚顺,辽宁省,42.104813,124.935533
五道沟,,通化,通化,吉林省,42.13561,125.877269
仙人桥,,白山,白山,吉林省,42.176021,127.240051
驼腰岭,,通化,通化,吉林省,42.181398,125.902973
老府,,赤峰,赤峰,内蒙古自治区,42.187294,118.272042
松江河,,白山,白山,吉林省,42.188528,127.481792
泡子,POD,阜新,阜新,辽宁省,42.207971,122.329356
铁岭西,PXT,铁岭,铁岭,辽宁省,42.232867,123.672545
马兰,MLR,库尔勒,库尔勒,新疆维吾尔自治区,42.235266,87.380828
红花沟,,赤峰,赤峰,内蒙古自治区,42.245429,118.635743
赤峰南,CFD,赤峰,赤峰,内蒙古自治区,42.25675,118.960675
赤峰,CID,赤峰,赤峰,内蒙古自治区,42.275612,118.901624
正镶白旗,ZXC,锡林郭勒,锡林郭勒,内蒙古自治区,42.281329,115.04089
柳河,LNL,通化,通化,吉林省,42.290463,125.765474
铁岭,TLT,铁岭,铁岭,辽宁省,42.293295,123.836355
草市,,抚顺,抚顺,辽宁省,42.297308,125.23573
抚松,FSL,白山,白山,吉林省,42.299382,127.267481
和硕,VUR,库尔勒,库尔勒,新疆维吾尔自治区,42.303549,86.876601
和静,HJR,库尔勒,库尔勒,新疆维吾尔自治区,42.311136,86.372921
泉阳,,白山,白山,吉林省,42.340287,127.540596
山城镇,SCL,通化,通化,吉林省,42.378956,125.432877
彰武,ZWD,阜新,阜新,辽宁省,42.387545,122.528782
靖宇,JYL,白山,白山,吉林省,42.396739,126.777584
朱日和,ZRC,锡林郭勒,锡林郭勒,内蒙古自治区,42.397228,112.899877
白河,BEL,延边,延边,吉林省,42.453845,128.133046
长白山,CUL,延边,延边,吉林省,42.462168,128.12882
四道湾,OUD,赤峰,赤峰,内蒙古自治区,42.483438,119.640716
露水河,,白山,白山,吉林省,42.513647,127.815737
梅河口,MHL,通化,通化,吉林省,42.53582,125.685042
开原,KYT,铁岭,铁岭,辽宁省,42.546993,124.031828
开原西,KXT,铁岭,铁岭,辽宁省,42.549474,123.918563
和龙,HLL,延边,延边,吉林省,42.55566,128.99619
松江镇,,延边,延边,吉林省,42.561555,128.314409
敖汉,YED,赤峰,赤峰,内蒙古自治区,42.639674,120.002252
海龙,,通化,通化,吉林省,42.649733,125.835347
东丰,DIL,辽源,辽源,吉林省,42.654384,125.545194
桑根达来,OGC,锡林郭勒,锡林郭勒,内蒙古自治区,42.675777,115.93901
朝阳镇,CZL,通化,通化,吉林省,42.684294,126.027994
章古台,ZGD,阜新,阜新,辽宁省,42.706277,122.484969
永庆,YQL,延边,延边,吉林省,42.710231,128.242837
新窝铺,EPD,赤峰,赤峰,内蒙古自治区,42.714017,120.401458
舍力虎,VLD,通辽,通辽,内蒙古自治区,42.725551,120.62992
西丰,XFT,铁岭,铁岭,辽宁省,42.73447,124.707313
库伦,KLD,通辽,通辽,内蒙古自治区,42.739787,121.832595
赛汗塔拉,SHC,锡林郭勒,锡林郭勒,内蒙古自治区,42.74974,112.666031
昌图西,CPT,铁岭,铁岭,辽宁省,42.777927,124.066532
昌图,CTT,铁岭,铁岭,辽宁省,42.778925,124.118056
渭津,,辽源,辽源,吉林省,42.793597,125.281726
奈曼,NMD,通辽,通辽,内蒙古自治区,42.84129,120.67733
哈密,HMR,哈密,哈密,新疆维吾尔自治区,42.850495,93.5059
大青沟,,通辽,通辽,内蒙古自治区,42.851629,122.186223
朝阳川,,延边,延边,吉林省,42.875959,129.369719
延吉,YJL,延边,延边,吉林省,42.8871,129.4971
珲春,HUL,延边,延边,吉林省,42.901652,130.403706
延吉西,YXL,延边,延边,吉林省,42.904419,129.414728
辽源,LYL,辽源,辽源,吉林省,42.905127,125.129005
鄯善北,SMR,吐鲁番,吐鲁番,新疆维吾尔自治区,42.918615,90.19616
白泉,BQL,辽源,辽源,吉林省,42.926204,125.001299
磐石,PSL,吉林,吉林,吉林省,42.927765,126.068841
甘旗卡,GQD,通辽,通辽,内蒙古自治区,42.958924,122.356179
图们,TML,延边,延边,吉林省,42.964878,129.840495
平岗,,辽源,辽源,吉林省,42.976079,124.875576
图们北,QSL,延边,延边,吉林省,42.996969,129.79991
吐鲁番北,TAR,吐鲁番,吐鲁番,新疆维吾尔自治区,43.022958,89.108324
苇子沟,WZL,延边,延边,吉林省,43.031222,129.677502
吐哈,THR,吐鲁番,吐鲁番,新疆维吾尔自治区,43.061308,90.531079
白音他拉,BID,通辽,通辽,内蒙古自治区,43.073157,120.832697
石岘,SXL,延边,延边,吉林省,43.080733,129.789019
石岭,,四平,四平,吉林省,43.091229,124.703052
建安,JUL,辽源,辽源,吉林省,43.097067,125.083356
鄯善,SSR,吐鲁番,吐鲁番,新疆维吾尔自治区,43.097924,90.482569
安图西,AXL,延边,延边,吉林省,43.113735,128.894347
安图,ATL,延边,延边,吉林省,43.116444,128.9082
四平东,PPT,四平,四平,吉林省,43.138658,124.43795
黄花筒,HUD,通辽,通辽,内蒙古自治区,43.148376,120.95908
吐鲁番,TFR,吐鲁番,吐鲁番,新疆维吾尔自治区,43.150704,88.874595
四平,SPT,四平,四平,吉林省,43.16775,124.373552
明城,MCL,吉林,吉林,吉林省,43.192592,126.017796
八仙筒,VXD,通辽,通辽,内蒙古自治区,43.201942,121.06299
八面城,BMD,铁岭,铁岭,辽宁省,43.209746,124.061332
经棚,JPC,赤峰,赤峰,内蒙古自治区,43.272865,117.537563
东明村,DMD,通辽,通辽,内蒙古自治区,43.273134,121.2277
烟筒山,YSL,吉林,吉林,吉林省,43.284985,126.02858
大石头南,DAL,延边,延边,吉林省,43.30079,128.457349
大石头,,延边,延边,吉林省,43.305641,128.501314
嘎什甸子,,通辽,通辽,内蒙古自治区,43.311445,121.357715
汪清,WQL,延边,延边,吉林省,43.332124,129.74077
郭家店,,四平,四平,吉林省,43.341816,124.577538
治安,ZAD,通辽,通辽,内蒙古自治区,43.350539,121.509397
达坂城,DCR,乌鲁木齐,乌鲁木齐,新疆维吾尔自治区,43.35577,88.298651
伊通,YTL,四平,四平,吉林省,43.369918,125.288373
三江口,SKD,铁岭,铁岭,辽宁省,43.37089,123.72061
敦化,DHL,延边,延边,吉林省,43.379134,128.245432
金宝屯,JBD,通辽,通辽,内蒙古自治区,43.383245,123.578356
东来,RVD,通辽,通辽,内蒙古自治区,43.389688,121.642098
大兴沟,,延边,延边,吉林省,43.412715,129.66356
余粮堡,,通辽,通辽,内蒙古自治区,43.440289,121.968301
双河镇,,吉林,吉林,吉林省,43.467892,126.182843
木里图,MUD,通辽,通辽,内蒙古自治区,43.47262,122.21707
公主岭南,GBT,长春,长春,吉林省,43.473498,124.815049
双辽,ZJD,四平,四平,吉林省,43.49349,123.518398
庙岭,,延边,延边,吉林省,43.502371,129.665504
公主岭,GLT,长春,长春,吉林省,43.509062,124.811305
双阳,OYT,长春,长春,吉林省,43.517396,125.641673
大板,DBC,赤峰,赤峰,内蒙古自治区,43.526086,118.640334
黄泥河,,延边,延边,吉林省,43.555574,128.017831
威虎岭北,WBL,延边,延边,吉林省,43.561129,127.844015
林西,LXC,赤峰,赤峰,内蒙古自治区,43.567311,118.089528
白石山,,吉林,吉林,吉林省,43.582158,127.560516
天桥岭,,延边,延边,吉林省,43.586215,129.632805
通辽,TLD,通辽,通辽,内蒙古自治区,43.60436,122.271613
开鲁,KLC,通辽,通辽,内蒙古自治区,43.633146,121.284465
黄松甸,,吉林,吉林,吉林省,43.641922,127.727702
陶家屯,,长春,长春,吉林省,43.645951,124.988976
二连,RLC,二连浩特,二连浩特,内蒙古自治区,43.657177,111.989242
口前,,吉林,吉林,吉林省,43.666099,126.497002
范家屯,,长春,长春,吉林省,43.713604,125.074574
春阳,,延边,延边,吉林省,43.715415,129.444577
蛟河,JHL,吉林,吉林,吉林省,43.725728,127.351067
蛟河西,JOL,吉林,吉林,吉林省,43.729603,127.299746
乌鲁木齐南,WMR,乌鲁木齐,乌鲁木齐,新疆维吾尔自治区,43.780072,87.58512
大屯,,长春,长春,吉林省,43.78034,125.164162
乌鲁木齐,WAR,乌鲁木齐,乌鲁木齐,新疆维吾尔自治区,43.840213,87.529002
长春南,CET,长春,长春,吉林省,43.85134,125.259424
查布嘎,CBC,赤峰,赤峰,内蒙古自治区,43.858038,120.068599
吉林,JLL,吉林,吉林,吉林省,43.859085,126.577962
乌西,WXR,乌鲁木齐,乌鲁木齐,新疆维吾尔自治区,43.869655,87.422735
鹿道,LDL,牡丹江,牡丹江,黑龙江省,43.875771,129.289036
长春西,CRT,长春,长春,吉林省,43.876661,125.200895
苏尼特左旗,ONC,锡林郭勒,锡林郭勒,内蒙古自治区,43.882096,113.612762
卫东,WVT,兴安,兴安,新疆维吾尔自治区,43.89204,87.627083
布列开,BLR,伊宁,伊宁,新疆维吾尔自治区,43.899737,81.795334
天岗,,吉林,吉林,吉林省,43.904381,126.954876
长春,CCT,长春,长春,吉林省,43.907218,125.321731
锡林浩特,XTC,锡林郭勒,锡林郭勒,内蒙古自治区,43.919143,116.027717
林东,LRC,赤峰,赤峰,内蒙古自治区,43.934418,119.412799
伊宁东,YNR,伊宁,伊宁,新疆维吾尔自治区,43.955211,81.502829
双吉,SML,吉林,吉林,吉林省,43.964812,126.437059
尼勒克,NIR,伊宁,伊宁,新疆维吾尔自治区,43.966555,82.049367
伊宁,YMR,伊宁,伊宁,新疆维吾尔自治区,43.967034,81.277732
茂林,MLD,四平,四平,吉林省,43.978583,123.401963
龙嘉,UJL,长春,长春,吉林省,43.992555,125.70023
一间堡,,长春,长春,吉林省,44.002016,125.358673
阿巴嘎旗,AQC,锡林郭勒,锡林郭勒,内蒙古自治区,44.005272,114.999236
马莲河,MHB,牡丹江,牡丹江,黑龙江省,44.021237,129.205308
九台南,JNL,长春,长春,吉林省,44.02273,125.811038
宝龙山,BND,通辽,通辽,内蒙古自治区,44.031667,122.741168
霍城,SER,伊宁,伊宁,新疆维吾尔自治区,44.058856,80.83886
东京城,DJB,牡丹江,牡丹江,黑龙江省,44.118232,129.225561
魏家泉,WJR,昌吉,昌吉,新疆维吾尔自治区,44.123343,87.822081
保康,BKD,通辽,通辽,内蒙古自治区,44.128108,123.326724
米沙子,,长春,长春,吉林省,44.147787,125.4771
九台,JTL,长春,长春,吉林省,44.149756,125.83867
霍尔果斯,HFR,伊宁,伊宁,新疆维吾尔自治区,44.157305,80.456831
开安,KAT,长春,长春,吉林省,44.166111,125.20626
石头,OTB,牡丹江,牡丹江,黑龙江省,44.177258,129.336747
沃皮,,长春,长春,吉林省,44.229487,125.531895
敖力布告,ALD,通辽,通辽,内蒙古自治区,44.245459,123.025684
玛纳斯,MSR,昌吉,昌吉,新疆维吾尔自治区,44.249338,86.196433
兰岗,LNB,牡丹江,牡丹江,黑龙江省,44.267164,129.411972
石河子,SZR,石河子,石河子,新疆维吾尔自治区,44.268171,86.062093
吉舒,JSL,吉林,吉林,吉林省,44.288073,126.80251
华家,HJT,长春,长春,吉林省,44.290497,125.147527
沙湾市,SXR,塔城,塔城,新疆维吾尔自治区,44.32209,85.609275
宁安,NAB,牡丹江,牡丹江,黑龙江省,44.359475,129.462351
布海,,长春,长春,吉林省,44.3829,125.62814
太平川,TIT,松原,松原,吉林省,44.399945,123.183436
奎屯,KTR,伊宁,伊宁,新疆维吾尔自治区,44.403616,84.900179
绥芬河,SFB,牡丹江,牡丹江,黑龙江省,44.40632,131.137472
四棵树,SIR,塔城,塔城,新疆维吾尔自治区,44.408088,84.317923
舒兰,SLL,吉林,吉林,吉林省,44.408106,126.95462
乌苏,WSR,塔城,塔城,新疆维吾尔自治区,44.408778,84.718729
绥阳,SYB,牡丹江,牡丹江,黑龙江省,44.428256,130.900042
温春,WDB,牡丹江,牡丹江,黑龙江省,44.435458,129.501345
农安,NAT,长春,长春,吉林省,44.435975,125.161025
长汀镇,CDB,牡丹江,牡丹江,黑龙江省,44.465627,128.938409
德惠,DHT,长春,长春,吉林省,44.533777,125.716944
德惠西,DXT,长春,长春,吉林省,44.545479,125.676202
柴岗,CGT,长春,长春,吉林省,44.561897,125.126583
拉古,LGB,牡丹江,牡丹江,黑龙江省,44.565669,129.497579
海林,HRB,牡丹江,牡丹江,黑龙江省,44.567347,129.387455
谢家镇,,长春,长春,吉林省,44.568384,126.813393
磨刀石,MOB,牡丹江,牡丹江,黑龙江省,44.570855,129.846936
山市,SQB,牡丹江,牡丹江,黑龙江省,44.579211,129.101643
牡丹江,MDB,牡丹江,牡丹江,黑龙江省,44.591467,129.612776
平安,,吉林,吉林,吉林省,44.592776,127.173779
伊林,YLB,牡丹江,牡丹江,黑龙江省,44.60005,130.353614
精河南,JIR,博乐,博乐,新疆维吾尔自治区,44.605774,82.92132
海林北,KBX,牡丹江,牡丹江,黑龙江省,44.6106,129.374169
穆棱,MLB,牡丹江,牡丹江,黑龙江省,44.613314,130.360074
西乌旗,XWD,兴安,兴安,内蒙古自治区,44.624598,117.563641
精河,JHR,博乐,博乐,新疆维吾尔自治区,44.636188,83.025693
扎鲁特,ZLD,通辽,通辽,内蒙古自治区,44.651152,121.240141
达家沟,,长春,长春,吉林省,44.658377,125.822019
下城子,XCB,牡丹江,牡丹江,黑龙江省,44.670902,130.446807
哈拉海,HIT,长春,长春,吉林省,44.67479,125.088283
桦林,HIB,牡丹江,牡丹江,黑龙江省,44.678062,129.675659
马桥河,MQB,马桥河,马桥河,黑龙江省,44.684816,130.55384
新立镇,,长春,长春,吉林省,44.693412,126.727603
山河屯,,哈尔滨,哈尔滨,黑龙江省,44.696782,127.210852
准东,ZER,昌吉,昌吉,新疆维吾尔自治区,44.736616,89.113379
柴河,CHB,牡丹江,牡丹江,黑龙江省,44.767635,129.687151
白音华南,BOD,兴安,兴安,内蒙古自治区,44.770757,118.456893
姚家,,长春,长春,吉林省,44.777347,125.877409
横道河子东,KUX,牡丹江,牡丹江,黑龙江省,44.79122,129.10631
亚布力南,YWB,哈尔滨,哈尔滨,黑龙江省,44.7937,128.48706
横道河子,HDB,牡丹江,牡丹江,黑龙江省,44.79634,129.104108
五棵树,WKT,长春,长春,吉林省,44.800926,126.159982
刘家店,,长春,长春,吉林省,44.802857,126.308171
通榆,KTT,白城,白城,吉林省,44.805162,123.076152
榆树,YRT,长春,长春,吉林省,44.817196,126.534603
陶赖昭,TPT,松原,松原,吉林省,44.826529,125.938916
双河市,OHR,博乐,博乐,新疆维吾尔自治区,44.840524,82.353656
五五,WVR,克拉玛依,克拉玛依,新疆维吾尔自治区,44.858813,84.818864
朱家沟,ZUB,牡丹江,牡丹江,黑龙江省,44.877388,129.858355
王府,WUT,松原,松原,吉林省,44.88032,125.005764
博乐,BER,博乐,博乐,新疆维吾尔自治区,44.902751,82.114355
亚布力西,YSB,哈尔滨,哈尔滨,黑龙江省,44.910469,128.586052
五常,WCB,哈尔滨,哈尔滨,黑龙江省,44.921663,127.143336
八面通,BMB,牡丹江,牡丹江,黑龙江省,44.92697,130.541898
亚布力,YBB,哈尔滨,哈尔滨,黑龙江省,44.928513,128.613739
博乐东,BOR,博乐,博乐,新疆维吾尔自治区,44.932125,82.650871
苇河西,WIB,哈尔滨,哈尔滨,黑龙江省,44.93392,128.363953
苇河,WHB,哈尔滨,哈尔滨,黑龙江省,44.952443,128.380495
通途,TUT,松原,松原,吉林省,44.958714,125.537248
扶余,FYT,松原,松原,吉林省,44.986952,126.025051
扶余北,FBT,松原,松原,吉林省,45.007877,126.003903
官字井,GOT,松原,松原,吉林省,45.008429,123.810993
白音胡硕,BCD,兴安,兴安,内蒙古自治区,45.015228,121.441882
宝林,BNB,牡丹江,牡丹江,黑龙江省,45.028312,129.977757
安家,AJB,哈尔滨,哈尔滨,黑龙江省,45.053903,127.066859
一面坡,YPB,哈尔滨,哈尔滨,黑龙江省,45.062097,128.080173
弓棚子,,松原,松原,吉林省,45.065545,125.733441
梨树镇,LSB,鸡西,鸡西,黑龙江省,45.082551,130.687825
一面坡北,YXB,哈尔滨,哈尔滨,黑龙江省,45.085747,128.086863
乾安,QOT,松原,松原,吉林省,45.099701,123.8802
三井子,,松原,松原,吉林省,45.104355,125.35167
松原北,,松原,松原,吉林省,45.106597,124.997644
松原,VYT,松原,松原,吉林省,45.108996,124.8171
楚山,CSB,牡丹江,牡丹江,黑龙江省,45.118817,130.028404
蔡家沟,CJT,松原,松原,吉林省,45.119799,126.137736
石磷,SPB,鸡西,鸡西,黑龙江省,45.160915,130.69621
背荫河,BYB,哈尔滨,哈尔滨,黑龙江省,45.169785,126.997778
阿拉山口,AKR,博乐,博乐,新疆维吾尔自治区,45.170952,82.574753
向阳,XDB,牡丹江,牡丹江,黑龙江省,45.190146,130.088781
尚志南,OZB,哈尔滨,哈尔滨,黑龙江省,45.195813,127.953018
麻山,MAB,鸡西,鸡西,黑龙江省,45.205262,130.539103
尚志,SZB,哈尔滨,哈尔滨,黑龙江省,45.208316,127.960911
西麻山,XMB,鸡西,鸡西,黑龙江省,45.213302,130.480025
林口南,LRB,林口,林口,黑龙江省,45.213896,130.297467
黑水,HOT,白城,白城,吉林省,45.214884,122.824569
兰棱,LLB,哈尔滨,哈尔滨,黑龙江省,45.221581,126.189538
奎山,KAB,牡丹江,牡丹江,黑龙江省,45.228623,130.408027
拉林,LAB,哈尔滨,哈尔滨,黑龙江省,45.230026,126.896479
青龙,QIB,鸡西,鸡西,黑龙江省,45.247183,130.586226
鸡东,JOB,鸡西,鸡西,黑龙江省,45.253075,131.151252
帽儿山,MRB,哈尔滨,哈尔滨,黑龙江省,45.276984,127.521938
帽儿山西,MUB,哈尔滨,哈尔滨,黑龙江省,45.279933,127.47786
查干湖,VAT,松原,松原,吉林省,45.287983,124.544205
林口,LKB,林口,林口,黑龙江省,45.292425,130.268472
鸡西,JXB,鸡西,鸡西,黑龙江省,45.304198,130.978141
鸡西西,JAB,鸡西,鸡西,黑龙江省,45.31032,130.823758
长山屯,CVT,松原,松原,吉林省,45.314355,124.468149
平山,PSB,哈尔滨,哈尔滨,黑龙江省,45.321747,127.405752
小岭,,哈尔滨,哈尔滨,黑龙江省,45.334442,127.31957
永安乡,YNB,鸡西,鸡西,黑龙江省,45.339209,131.478167
洮南,TVT,白城,白城,吉林省,45.340514,122.809052
滴道,DDB,鸡西,鸡西,黑龙江省,45.346384,130.832869
牛家,NJB,哈尔滨,哈尔滨,黑龙江省,45.350172,126.736702
古城镇,GZB,牡丹江,牡丹江,黑龙江省,45.354171,130.294362
双城堡,SCB,哈尔滨,哈尔滨,黑龙江省,45.397903,126.293517
黑台,HQB,鸡西,鸡西,黑龙江省,45.409674,131.624167
玉泉,YQB,哈尔滨,哈尔滨,黑龙江省,45.416451,127.162986
双城北,SBB,哈尔滨,哈尔滨,黑龙江省,45.426165,126.271613
青山,QSB,牡丹江,牡丹江,黑龙江省,45.44595,130.568371
建设,JET,白城,白城,吉林省,45.452768,124.180305
周家,ZOB,哈尔滨,哈尔滨,黑龙江省,45.462104,126.67281
大安,RAT,白城,白城,吉林省,45.483175,124.283715
大安北,RNT,白城,白城,吉林省,45.516728,124.237715
两家,UJT,白城,白城,吉林省,45.527929,123.944947
克拉玛依,KHR,克拉玛依,克拉玛依,新疆维吾尔自治区,45.528757,84.894794
霍林郭勒,HWD,通辽,通辽,内蒙古自治区,45.535147,119.669361
吐列毛杜,TMD,兴安,兴安,内蒙古自治区,45.53776,120.888516
五家,WUB,哈尔滨,哈尔滨,黑龙江省,45.544337,126.393311
密山,MSB,鸡西,鸡西,黑龙江省,45.549833,131.871881
西哲里木,XRD,兴安,兴安,内蒙古自治区,45.552159,120.602538
阿城,ACB,哈尔滨,哈尔滨,黑龙江省,45.552366,126.994898
珠斯花,ZHD,通辽,通辽,内蒙古自治区,45.564018,119.67797
安广,AGT,白城,白城,吉林省,45.569436,123.790583
平房,PFB,哈尔滨,哈尔滨,黑龙江省,45.585826,126.675364
阿城北,ABB,哈尔滨,哈尔滨,黑龙江省,45.589467,127.023687
到保,RBT,白城,白城,吉林省,45.598478,123.169692
白城,BCT,白城,白城,吉林省,45.61756,122.86446
裴德,PDB,鸡西,鸡西,黑龙江省,45.637376,131.905076
王岗,WGB,哈尔滨,哈尔滨,黑龙江省,45.671181,126.545198
孙家,SUB,哈尔滨,哈尔滨,黑龙江省,45.696035,126.684521
成高子,CZB,哈尔滨,哈尔滨,黑龙江省,45.699914,126.83668
兴凯,EKB,鸡西,鸡西,黑龙江省,45.704803,132.074458
哈尔滨西,VAB,哈尔滨,哈尔滨,黑龙江省,45.707228,126.577304
新肇,XZT,大庆,大庆,黑龙江省,45.710812,124.412928
杨岗,YRB,鸡西,鸡西,黑龙江省,45.716803,132.288232
平台,PVT,白城,白城,吉林省,45.718608,122.660455
香坊,XFB,哈尔滨,哈尔滨,黑龙江省,45.721049,126.679513
卫星,WVB,鸡西,鸡西,黑龙江省,45.722895,132.493715
王兆屯,,哈尔滨,哈尔滨,黑龙江省,45.730308,126.650356
新香坊北,RHB,哈尔滨,哈尔滨,黑龙江省,45.73869,126.905617
七台河西,QXB,七台河,七台河,黑龙江省,45.744364,130.782323
平安镇,PZT,白城,白城,吉林省,45.750627,122.555786
勃利,BLB,七台河,七台河,黑龙江省,45.755196,130.558779
哈尔滨,HBB,哈尔滨,哈尔滨,黑龙江省,45.761553,126.632681
虎林,VLB,鸡西,鸡西,黑龙江省,45.765031,132.976549
宾州,BZB,哈尔滨,哈尔滨,黑龙江省,45.774573,127.4604
滨江,,哈尔滨,哈尔滨,黑龙江省,45.776257,126.656991
哈尔滨东,VBB,哈尔滨,哈尔滨,黑龙江省,45.788009,126.711692
胜利镇,OLB,哈尔滨,哈尔滨,黑龙江省,45.788912,127.993668
宾西北,BBB,哈尔滨,哈尔滨,黑龙江省,45.792406,127.150532
七台河,QTB,七台河,七台河,黑龙江省,45.811609,130.901917
双龙湖,OHB,哈尔滨,哈尔滨,黑龙江省,45.829864,128.497768
镇西,ZVT,白城,白城,吉林省,45.840696,122.40888
新松浦,XOB,哈尔滨,哈尔滨,黑龙江省,45.841573,126.665176
哈尔滨北,HTB,哈尔滨,哈尔滨,黑龙江省,45.850243,126.535657
镇赉,ZLT,白城,白城,吉林省,45.857904,123.194221
方正,FNB,哈尔滨,哈尔滨,黑龙江省,45.867574,128.806785
得莫利,DTB,哈尔滨,哈尔滨,黑龙江省,45.877736,129.032968
万乐,WEB,哈尔滨,哈尔滨,黑龙江省,45.885467,126.463326
葛根庙,GGT,兴安,兴安,内蒙古自治区,45.891649,122.314785
徐家,XJB,哈尔滨,哈尔滨,黑龙江省,45.909737,126.643551
玛纳斯湖,MNR,塔城,塔城,新疆维吾尔自治区,45.91215,85.878087
杏树,XSB,七台河,七台河,黑龙江省,45.922617,130.563521
对青山,DQB,哈尔滨,哈尔滨,黑龙江省,45.931502,126.344806
太阳升,TQT,大庆,大庆,黑龙江省,45.939147,124.586459
里木店,,绥化,绥化,黑龙江省,45.966718,126.216853
宁家,NVT,兴安,兴安,内蒙古自治区,45.983603,122.170749
高楞,GLB,哈尔滨,哈尔滨,黑龙江省,45.988521,129.274954
立志,,大庆,大庆,黑龙江省,45.994324,124.570442
呼兰,HUB,哈尔滨,哈尔滨,黑龙江省,45.99815,126.64647
倭肯,WQB,七台河,七台河,黑龙江省,46.004428,130.529917
姜家,,大庆,大庆,黑龙江省,46.0085273,126.0936655
迎春,YYB,鸡西,鸡西,黑龙江省,46.042412,132.951408
乌兰浩特,WWT,兴安,兴安,内蒙古自治区,46.070516,122.062933
肇东,ZDB,绥化,绥化,黑龙江省,46.077211,125.998825
沈家,OJB,哈尔滨,哈尔滨,黑龙江省,46.097474,126.770475
尚家,SJB,绥化,绥化,黑龙江省,46.12767,125.876565
新华屯,,大庆,大庆,黑龙江省,46.147559,124.631612
达连河,DCB,哈尔滨,哈尔滨,黑龙江省,46.148558,129.465314
铁厂沟,TJR,塔城,塔城,新疆维吾尔自治区,46.172566,84.388452
康金井,KJB,哈尔滨,哈尔滨,黑龙江省,46.196073,126.817058
归流河,,兴安,兴安,内蒙古自治区,46.199614,121.735672
东方红,DFB,鸡西,鸡西,黑龙江省,46.200303,133.084302
桦南东,KNB,桦南,桦南,黑龙江省,46.215441,130.620173
宋,SOB,绥化,绥化,黑龙江省,46.221805,125.641331
桦南,HNB,桦南,桦南,黑龙江省,46.244324,130.583568
依兰,YEB,哈尔滨,哈尔滨,黑龙江省,46.279348,129.606719
石人城,SRB,哈尔滨,哈尔滨,黑龙江省,46.299808,126.896769
大石寨,RZT,兴安,兴安,内蒙古自治区,46.312484,121.383886
羊草,,绥化,绥化,黑龙江省,46.335421,125.423669
林源,,大庆,大庆,黑龙江省,46.34468,124.763121
宝清,BUB,双鸭山,双鸭山,黑龙江省,46.353746,132.201536
白奎堡,BKB,哈尔滨,哈尔滨,黑龙江省,46.371518,127.004641
泰来,TLX,齐齐哈尔,齐齐哈尔,黑龙江省,46.392655,123.411663
安达,ADX,绥化,绥化,黑龙江省,46.401753,125.323217
和什托洛盖,VSR,塔城,塔城,新疆维吾尔自治区,46.408386,86.275124
孟家岗,MGB,佳木斯,佳木斯,黑龙江省,46.422625,130.660193
兴隆镇,XZB,哈尔滨,哈尔滨,黑龙江省,46.443557,127.12081
卧里屯,,大庆,大庆,黑龙江省,46.47047,125.218096
银浪,YJX,大庆,大庆,黑龙江省,46.490915,124.854509
德伯斯,RDT,兴安,兴安,内蒙古自治区,46.493916,121.364058
宏克力,OKB,哈尔滨,哈尔滨,黑龙江省,46.517123,129.858974
大庆东,LFX,大庆,大庆,黑龙江省,46.533976,125.124572
万发屯,WFB,哈尔滨,哈尔滨,黑龙江省,46.535741,127.122007
额敏,EMR,塔城,塔城,新疆维吾尔自治区,46.560695,83.59035
独立屯,,大庆,大庆,黑龙江省,46.572781,124.849619
平洋,PYX,齐齐哈尔,齐齐哈尔,黑龙江省,46.598861,123.541105
索伦,SNT,兴安,兴安,内蒙古自治区,46.603201,121.24192
壮志,,大庆,大庆,黑龙江省,46.640009,124.849058
绥化,SHB,绥化,绥化,黑龙江省,46.645209,127.015969
双鸭山,SSB,双鸭山,双鸭山,黑龙江省,46.645586,131.152067
香兰,XNB,佳木斯,佳木斯,黑龙江省,46.652525,129.758258
大庆西,RHX,大庆,大庆,黑龙江省,46.656621,124.885521
塔城,TZR,塔城,塔城,新疆维吾尔自治区,46.697586,82.987046
明水河,MUT,兴安,兴安,内蒙古自治区,46.705965,120.827625
喇嘛甸,,大庆,大庆,黑龙江省,46.708476,124.780236
双鸭山西,OXB,双鸭山,双鸭山,黑龙江省,46.710024,131.092547
福利屯,FTB,双鸭山,双鸭山,黑龙江省,46.722655,131.134196
红兴隆,VHB,双鸭山,双鸭山,黑龙江省,46.725635,131.594738
浩良河,HHB,伊春,伊春,黑龙江省,46.728245,129.638522
东津,DKB,绥化,绥化,黑龙江省,46.739466,127.216067
汤原,TYB,佳木斯,佳木斯,黑龙江省,46.747795,129.925849
新友谊,EYB,双鸭山,双鸭山,黑龙江省,46.766733,131.814871
佳木斯西,JUB,佳木斯,佳木斯,黑龙江省,46.770121,130.264702
五叉沟,WCT,兴安,兴安,内蒙古自治区,46.771075,120.319381
江桥,JQX,齐齐哈尔,齐齐哈尔,黑龙江省,46.771624,123.684912
太平镇,TEB,双鸭山,双鸭山,黑龙江省,46.776078,130.724958
笔架山,BSB,双鸭山,双鸭山,黑龙江省,46.787353,131.004124
秦家,QJB,绥化,绥化,黑龙江省,46.79884,127.002523
佳木斯,JMB,佳木斯,佳木斯,黑龙江省,46.803979,130.383595
丰乐镇,FZB,双鸭山,双鸭山,黑龙江省,46.812203,130.873437
杜尔伯特,TKX,大庆,大庆,黑龙江省,46.870378,124.448474
莲江口,LHB,佳木斯,佳木斯,黑龙江省,46.873619,130.322569
大兴,DXX,齐齐哈尔,齐齐哈尔,黑龙江省,46.876401,123.7508
庆安,QAB,绥化,绥化,黑龙江省,46.887705,127.50348
四方台,STB,绥化,绥化,黑龙江省,46.922931,126.995435
桃山,TAB,伊春,伊春,黑龙江省,46.924905,128.179917
富蕴,FYR,阿勒泰,阿勒泰,新疆维吾尔自治区,46.934732,89.507425
神树,SWB,伊春,伊春,黑龙江省,46.943476,128.427296
朗乡,LXB,伊春,伊春,黑龙江省,46.959357,128.87862
王杨,,伊春,伊春,黑龙江省,46.969964,127.925696
双丰,OFB,伊春,伊春,黑龙江省,46.974182,127.760173
铁力,TLB,伊春,伊春,黑龙江省,46.974202,128.054666
晨明,CMB,伊春,伊春,黑龙江省,46.975571,129.489506
汤池,TCX,齐齐哈尔,齐齐哈尔,黑龙江省,46.987917,123.774801
烟筒屯,YUX,大庆,大庆,黑龙江省,47.004315,124.161625
带岭,DLB,伊春,伊春,黑龙江省,47.023319,129.020897
白狼,BAT,兴安,兴安,内蒙古自治区,47.049307,120.102077
鹤立,HOB,佳木斯,佳木斯,黑龙江省,47.053082,130.291814
张维屯,ZWB,绥化,绥化,黑龙江省,47.062438,127.004936
三间房,SFX,齐齐哈尔,齐齐哈尔,黑龙江省,47.098226,123.842181
新华,,鹤岗,鹤岗,黑龙江省,47.111341,130.298276
福海,FHR,阿勒泰,阿勒泰,新疆维吾尔自治区,47.122227,87.462681
南岔,NCB,伊春,伊春,黑龙江省,47.133283,129.279722
榆树屯,YSX,齐齐哈尔,齐齐哈尔,黑龙江省,47.155401,123.894334
昂昂溪,AAX,齐齐哈尔,齐齐哈尔,黑龙江省,47.161353,123.81511
阿尔山,ART,兴安,兴安,内蒙古自治区,47.172702,119.947575
峻德,,鹤岗,鹤岗,黑龙江省,47.196774,130.291878
创业村,CEX,大庆,大庆,黑龙江省,47.201504,125.069059
富拉尔基,FRX,齐齐哈尔,齐齐哈尔,黑龙江省,47.210811,123.64697
富锦,FIB,佳木斯,佳木斯,黑龙江省,47.237727,132.046696
建三江,JIB,佳木斯,佳木斯,黑龙江省,47.246905,132.635763
绥棱,SIB,绥化,绥化,黑龙江省,47.249153,127.082717
阿尔山北,ARX,兴安,兴安,内蒙古自治区,47.283602,119.810325
齐齐哈尔南,QNB,齐齐哈尔,齐齐哈尔,黑龙江省,47.285439,123.970514
北屯市,BXR,阿勒泰,阿勒泰,新疆维吾尔族自治区,47.323595,87.758036
龙江,LJX,齐齐哈尔,齐齐哈尔,黑龙江省,47.32913,123.179488
鹤岗,HGB,鹤岗,鹤岗,黑龙江省,47.34036,130.28406
齐齐哈尔,QHX,齐齐哈尔,齐齐哈尔,黑龙江省,47.340409,123.995988
换新天,VTB,佳木斯,佳木斯,黑龙江省,47.36223,133.063002
东边井,DBB,绥化,绥化,黑龙江省,47.41079,127.112487
金山屯,JTB,伊春,伊春,黑龙江省,47.423275,129.423008
宝泉岭,BQB,鹤岗,鹤岗,黑龙江省,47.430248,130.522542
冯屯,FTX,齐齐哈尔,齐齐哈尔,黑龙江省,47.464564,124.129824
海伦,HLB,绥化,绥化,黑龙江省,47.470181,126.993733
西林,XYB,伊春,伊春,黑龙江省,47.479253,129.309637
碾子山,NZX,齐齐哈尔,齐齐哈尔,黑龙江省,47.515527,122.882466
鹤北,HMB,佳木斯,佳木斯,黑龙江省,47.5393591,130.4625503
前进镇,QEB,佳木斯,佳木斯,黑龙江省,47.544355,133.123778
塔哈,THX,齐齐哈尔,齐齐哈尔,黑龙江省,47.551968,124.231561
洪河,HPB,佳木斯,佳木斯,黑龙江省,47.605331,133.503339
前锋,QFB,佳木斯,佳木斯,黑龙江省,47.617635,133.885664
同江,TJB,佳木斯,佳木斯,黑龙江省,47.629191,132.508604
美溪,MEB,伊春,伊春,黑龙江省,47.636676,129.140566
海北,HEB,绥化,绥化,黑龙江省,47.670132,126.876512
中和,ZHX,齐齐哈尔,齐齐哈尔,黑龙江省,47.68,124.381426
东二道河,DRB,佳木斯,佳木斯,黑龙江省,47.686644,134.122502
阿勒泰,AUR,阿勒泰,阿勒泰,新疆维吾尔自治区,47.719282,88.090818
伊春,YCB,伊春,伊春,黑龙江省,47.728935,128.926822
成吉思汗,CJX,呼伦贝尔,呼伦贝尔,内蒙古自治区,47.74923,122.83952
通北,TBB,黑河,黑河,黑龙江省,47.768141,126.760994
富裕,FYX,齐齐哈尔,齐齐哈尔,黑龙江省,47.796818,124.460752
友好,YOB,伊春,伊春,黑龙江省,47.858403,128.84213
富海,FHX,齐齐哈尔,齐齐哈尔,黑龙江省,47.866679,124.864792
依安,YAX,齐齐哈尔,齐齐哈尔,黑龙江省,47.874577,125.286791
李家,LJB,黑河,黑河,黑龙江省,47.940296,126.756234
二道湾,RDX,齐齐哈尔,齐齐哈尔,黑龙江省,47.961248,124.54685
寒葱沟,HKB,佳木斯,佳木斯,黑龙江省,47.971322,134.157656
红山,VSB,伊春,伊春,黑龙江省,47.982937,129.025629
塔尔气,TVX,呼伦贝尔,呼伦贝尔,内蒙古自治区,47.986398,121.196545
扎兰屯,ZTX,呼伦贝尔,呼伦贝尔,内蒙古自治区,48.016015,122.745527
克山,KSB,齐齐哈尔,齐齐哈尔,黑龙江省,48.016106,125.85045
赵光,ZGB,黑河,黑河,黑龙江省,48.061836,126.732266
团结,TIX,齐齐哈尔,齐齐哈尔,黑龙江省,48.103772,124.616558
五营,WWB,伊春,伊春,黑龙江省,48.11212,129.237887
哈拉苏,HAX,呼伦贝尔,呼伦贝尔,内蒙古自治区,48.116548,122.428836
克东,KOB,齐齐哈尔,齐齐哈尔,黑龙江省,48.160561,126.210894
南木,NMX,呼伦贝尔,呼伦贝尔,内蒙古自治区,48.178904,122.366606
拉哈,LHX,齐齐哈尔,齐齐哈尔,黑龙江省,48.20415,124.630229
北安,BAB,黑河,黑河,黑龙江省,48.235408,126.512322
红星,VXB,伊春,伊春,黑龙江省,48.235972,129.385258
新青,XQB,伊春,伊春,黑龙江省,48.291579,129.526901
巴林,BLX,呼伦贝尔,呼伦贝尔,内蒙古自治区,48.315045,122.332977
新绰源,XRX,呼伦贝尔,呼伦贝尔,内蒙古自治区,48.334124,121.35738
抚远,FYB,佳木斯,佳木斯,黑龙江省,48.345465,134.402466
六合镇,LEX,齐齐哈尔,齐齐哈尔,黑龙江省,48.350774,124.696893
汤旺河,THB,伊春,伊春,黑龙江省,48.455091,129.581028
讷河,NHX,齐齐哈尔,齐齐哈尔,黑龙江省,48.48014,124.845575
二龙山屯,ELA,黑河,黑河,黑龙江省,48.489916,126.641156
乌伊岭,WPB,伊春,伊春,黑龙江省,48.592364,129.434186
五大连池,WRB,黑河,黑河,黑龙江省,48.629179,126.61764
伊敏,YMX,呼伦贝尔,呼伦贝尔,内蒙古自治区,48.65066,119.789952
老莱,LAX,齐齐哈尔,齐齐哈尔,黑龙江省,48.650772,125.006783
龙镇,LZA,黑河,黑河,黑龙江省,48.686315,126.71609
博克图,BKX,呼伦贝尔,呼伦贝尔,内蒙古自治区,48.754276,121.919072
襄河,XXB,黑河,黑河,黑龙江省,48.799805,126.855575
伊拉哈,YLX,黑河,黑河,黑龙江省,48.822037,125.166954
乌奴耳,WRX,呼伦贝尔,呼伦贝尔,内蒙古自治区,48.873632,121.247914
九三,SSX,黑河,黑河,黑龙江省,48.882564,125.257608
免渡河,MDX,呼伦贝尔,呼伦贝尔,内蒙古自治区,49.092692,121.060068
辰清,CQB,黑河,黑河,黑龙江省,49.143524,127.237711
嫩江,NGX,黑河,黑河,黑龙江省,49.177961,125.24933
海拉尔,HRX,呼伦贝尔,呼伦贝尔,内蒙古自治区,49.229736,119.743707
大雁,DYX,呼伦贝尔,呼伦贝尔,内蒙古自治区,49.231689,120.551293
嵯岗,CAX,呼伦贝尔,呼伦贝尔,内蒙古自治区,49.256854,118.099657
牙克石,YKX,呼伦贝尔,呼伦贝尔,内蒙古自治区,49.279433,120.737857
孙吴,SKB,黑河,黑河,黑龙江省,49.4261,127.32332
扎赉诺尔西,ZXX,呼伦贝尔,呼伦贝尔,内蒙古自治区,49.472188,117.694628
红彦,VIX,呼伦贝尔,呼伦贝尔,内蒙古自治区,49.513595,124.982246
乌尔旗汗,WHX,呼伦贝尔,呼伦贝尔,内蒙古自治区,49.565834,121.385249
满洲里,MLX,呼伦贝尔,呼伦贝尔,内蒙古自治区,49.584636,117.451235
大杨树,DUX,呼伦贝尔,呼伦贝尔,内蒙古自治区,49.748734,124.609946
西岗子,NBB,黑河,黑河,黑龙江省,49.903131,127.347526
库都尔,KDX,呼伦贝尔,呼伦贝尔,内蒙古自治区,50.027924,121.629951
锦河,JHB,黑河,黑河,黑龙江省,50.13712,127.413882
新帐房,XZX,呼伦贝尔,呼伦贝尔,内蒙古自治区,50.139861,121.820306
黑河,HJB,黑河,黑河,黑龙江省,50.233519,127.500732
加格达奇,JGX,加格达奇,加格达奇,黑龙江省,50.420257,124.126441
图里河,TEX,呼伦贝尔,呼伦贝尔,内蒙古自治区,50.483273,121.674199
阿里河,AHX,呼伦贝尔,呼伦贝尔,内蒙古自治区,50.580367,123.730351
吉文,JWX,呼伦贝尔,呼伦贝尔,内蒙古自治区,50.588982,123.20978
伊图里河,YEX,呼伦贝尔,呼伦贝尔,内蒙古自治区,50.628531,121.551873
甘河,GAX,呼伦贝尔,呼伦贝尔,内蒙古自治区,50.629665,123.059379
索图罕,SHX,呼伦贝尔,呼伦贝尔,内蒙古自治区,50.632089,122.88452
克一河,KHX,呼伦贝尔,呼伦贝尔,内蒙古自治区,50.651609,122.493851
大其拉哈,DQX,呼伦贝尔,呼伦贝尔,内蒙古自治区,50.695771,121.755778
喀喇其,KQX,呼伦贝尔,呼伦贝尔,内蒙古自治区,50.701723,122.056159
根河,GEX,呼伦贝尔,呼伦贝尔,内蒙古自治区,50.77686,121.509593
小扬气,XYX,加格达奇,加格达奇,内蒙古自治区,50.795194,124.287356
得耳布尔,DRX,呼伦贝尔,呼伦贝尔,内蒙古自治区,50.993063,121.078453
莫尔道嘎,MRX,呼伦贝尔,呼伦贝尔,内蒙古自治区,51.234502,120.809612
金河,JHX,呼伦贝尔,呼伦贝尔,内蒙古自治区,51.337928,121.501202
林海,LXX,加格达奇,加格达奇,黑龙江省,51.578934,124.357461
新林,XPX,加格达奇,加格达奇,黑龙江省,51.680678,124.41273
阿龙山,ASX,呼伦贝尔,呼伦贝尔,内蒙古自治区,51.687167,121.879595
满归,MHX,呼伦贝尔,呼伦贝尔,内蒙古自治区,52.036726,122.073845
塔河,TXX,加格达奇,加格达奇,黑龙江省,52.333295,124.698481
瓦拉干,WVX,加格达奇,加格达奇,黑龙江省,52.589252,124.546994
阿木尔,JTX,加格达奇,加格达奇,黑龙江省,52.861629,123.16298
图强,TQX,加格达奇,加格达奇,黑龙江省,52.93161,122.79255
古莲,GRX,加格达奇,加格达奇,黑龙江省,52.948356,122.353874
漠河,MVX,加格达奇,加格达奇,黑龙江省,52.987888,122.504983
宜昌北,ABN,宜昌,,,,
阳宗,AOM,玉溪,,,,
白云机场东,BDA,广州,,,,
白山东,BDL,白山,,,,
伯官,BGT,沈阳,,,,
白云湖,BHA,广州,,,,
白云机场南,BNA,广州,,,,
巴南,BNE,重庆,,,,
保田,BTE,六盘水,,,,
北京通州,BUI,北京,,,,
潮安,CMQ,潮州,,,,
重庆东,COE,重庆,,,,
岑村,CPQ,广州,,,,
定远东,DEU,滁州,,,,
大源,DFQ,广州,,,,
大洋,DUU,建德,,,,
当阳西,DXN,当阳,,,,
富平南,FBY,渭南,,,,
白彦花西,FPC,巴彦淖尔,,,,
富县北,FSY,延安,,,,
府谷,FUV,榆林,,,,
广州大学城,GCQ,广州,,,,
高陵,GGY,西安,,,,
化龙南,HDQ,广州,,,,
合肥西,HFU,合肥,,,,
淮口南,HKE,成都,,,,
和顺县,HOP,晋中,,,,
乌丹,IDC,赤峰,,,,
建德南,JAU,建德,,,,
江源东,JDL,白山,,,,
江高,JGA,广州,,,,
碱柜,JGC,鄂尔多斯,,,,
科韵路,KEA,广州,,,,
汉川北,KFN,汉川,,,,
澧县北,LEQ,常德,,,,
龙游北,LKU,衢州,,,,
洛川北,LRY,延安,,,,
洛川,LTY,延安,,,,
临澧西,LWQ,常德,,,,
兰溪东,LZU,金华,,,,
京山南,MIN,京山,,,,
茂名南,MRQ,茂名,,,,
帽峰山,MTQ,广州,,,,
明光西,MXU,滁州,,,,
宁明东,NQZ,崇左,,,,
南川北,NUE,南川,,,,
泗县东,ODU,宿州,,,,
神木北,OMV,榆林,,,,
彭水西,PEE,彭水,,,,
平定,PIP,阳泉,,,,
凭祥东,PIZ,崇左,,,,
琶洲,PTQ,广州,,,,
黔城,QEQ,怀化,,,,
南沙北,QSQ,广州,,,,
衢州西,QXU,衢州,,,,
大石东,RHQ,广州,,,,
磴口,RKC,巴彦淖尔,,,,
深井,SHQ,广州,,,,
松滋西,SIN,荆州,,,,
长白山西,SJL,白山,,,,
神山,SRA,广州,,,,
水江西,SVE,南川,,,,
铜川,TBY,铜川,,,,
铜川北,TDY,铜川,,,,
中仓,TOP,北京,,,,
龙洞,UGQ,广州,,,,
黄陵东,ULY,延安,,,,
磨丁,VBM,磨丁,,,,
纳堆,VCM,纳堆,,,,
孟赛,VFM,孟赛,,,,
琅勃拉邦,VJM,琅勃拉邦,,,,
钟祥南,VKN,钟祥,,,,
乌海南,VNC,乌海,,,,
万荣,VOM,老挝万荣,,,,
龙州,VZZ,崇左,,,,
五河,WHU,蚌埠,,,,
武隆南,WLE,武隆,,,,
新宾,XBD,抚顺,,,,
昔阳,XEP,晋中,,,,
新郑,XNF,郑州,,,,
新兴南,XPQ,云浮,,,,
兴义南,XVE,兴义,,,,
广州新塘,XWQ,广州,,,,
阳春东,YBQ,阳江,,,,
宜城南,YIN,襄阳,,,,
阳江北,YLQ,阳江,,,,
月华,YQW,西昌,,,,
宜君,YRY,铜川,,,,
湛江北,ZMQ,湛江,,,,
乌江寨,ZNE,遵义,,,,
左权,ZNP,晋中,,,,
中川机场东,ZRJ,兰州,,,,
竹料,ZUA,广州,,,,
